YYYYMMDD,OPEN,HIGH,LOW,CLOSE
2011-01-03,6205.0,6207.35,6175.0,6181.0
2011-01-04,6208.0,6209.9,6146.7,6157.75
2011-01-05,6148.0,6150.0,6086.9,6098.2
2011-01-06,6134.0,6134.0,6046.3,6070.25
2011-01-07,6063.25,6072.0,5891.35,5896.05
2011-01-10,5902.0,5914.0,5746.0,5757.0
2011-01-11,5781.0,5841.8,5700.0,5809.0
2011-01-12,5792.15,5885.0,5711.65,5867.95
2011-01-13,5869.0,5869.0,5736.1,5761.2
2011-01-14,5753.0,5858.75,5638.1,5645.0
2011-01-17,5652.0,5704.6,5628.65,5662.0
2011-01-18,5678.2,5741.8,5672.35,5738.0
2011-01-19,5745.0,5753.95,5661.1,5698.0
2011-01-20,5658.0,5743.9,5632.0,5721.65
2011-01-21,5695.0,5717.7,5665.0,5700.2
2011-01-24,5705.25,5759.5,5695.0,5742.0
2011-01-25,5755.2,5795.8,5676.6,5681.2
2011-01-27,5704.0,5715.0,5597.35,5604.2
2011-01-28,5602.05,5622.0,5485.0,5544.9
2011-01-31,5455.25,5545.0,5438.1,5526.0
2011-02-01,5530.65,5539.6,5411.2,5423.5
2011-02-02,5470.0,5510.0,5421.7,5432.8
2011-02-03,5434.65,5545.9,5425.0,5539.0
2011-02-04,5537.0,5566.05,5356.5,5380.0
2011-02-07,5402.95,5444.5,5370.1,5406.0
2011-02-08,5411.25,5417.25,5303.6,5321.0
2011-02-09,5292.65,5347.9,5227.95,5283.0
2011-02-10,5260.0,5285.0,5210.2,5224.0
2011-02-11,5241.0,5329.9,5175.1,5312.9
2011-02-14,5336.0,5467.6,5336.0,5457.35
2011-02-15,5460.0,5504.0,5397.5,5477.0
2011-02-16,5472.0,5508.2,5458.6,5494.0
2011-02-17,5496.0,5550.0,5460.1,5549.5
2011-02-18,5566.2,5589.0,5436.1,5468.0
2011-02-21,5460.25,5539.0,5411.0,5532.0
2011-02-22,5478.9,5520.0,5428.15,5476.2
2011-02-23,5452.0,5501.8,5426.5,5441.0
2011-02-24,5418.55,5430.0,5251.0,5262.9
2011-02-25,5327.1,5347.0,5232.6,5328.45
2011-02-28,5327.1,5498.9,5310.0,5341.1
2011-03-01,5375.0,5555.0,5375.0,5555.0
2011-03-03,5506.0,5597.8,5477.3,5554.8
2011-03-04,5578.0,5611.7,5517.65,5548.0
2011-03-07,5500.05,5500.05,5400.25,5482.5
2011-03-08,5472.0,5548.0,5466.55,5537.6
2011-03-09,5553.0,5572.8,5477.65,5532.7
2011-03-10,5509.65,5515.0,5466.05,5508.2
2011-03-11,5469.5,5514.9,5413.0,5465.0
2011-03-14,5455.6,5562.0,5448.1,5556.95
2011-03-15,5389.9,5504.95,5375.6,5461.8
2011-03-16,5477.8,5553.0,5477.0,5529.5
2011-03-17,5485.5,5528.8,5450.0,5479.9
2011-03-18,5489.8,5502.2,5380.0,5383.0
2011-03-21,5410.0,5425.0,5357.25,5387.55
2011-03-22,5402.0,5448.6,5387.6,5438.0
2011-03-23,5415.0,5504.5,5415.0,5503.1
2011-03-24,5516.0,5553.45,5510.1,5551.0
2011-03-25,5582.0,5693.0,5571.1,5674.0
2011-03-28,5670.35,5729.0,5663.55,5704.0
2011-03-29,5695.25,5787.9,5695.25,5755.0
2011-03-30,5777.25,5817.0,5771.0,5812.4
2011-03-31,5811.0,5879.75,5782.5,5833.6
2011-04-01,5865.1,5884.7,5837.0,5864.65
2011-04-04,5874.0,5955.3,5850.0,5946.5
2011-04-05,6000.0,6000.0,5871.65,5927.0
2011-04-06,5933.05,5971.05,5880.3,5912.05
2011-04-07,5910.0,5932.4,5881.25,5902.7
2011-04-08,5904.95,5927.0,5831.6,5859.6
2011-04-11,5848.6,5848.6,5796.5,5798.0
2011-04-13,5753.0,5947.6,5750.65,5943.0
2011-04-15,5902.0,5919.0,5820.7,5828.0
2011-04-18,5839.45,5920.95,5727.1,5740.0
2011-04-19,5720.0,5781.95,5703.0,5760.15
2011-04-20,5800.5,5875.0,5767.25,5873.5
2011-04-21,5907.0,5931.65,5880.1,5901.5
2011-04-25,5896.0,5925.0,5875.55,5877.0
2011-04-26,5882.0,5907.9,5793.25,5874.1
2011-04-27,5904.9,5904.9,5820.1,5835.8
2011-04-28,5850.1,5854.0,5776.15,5785.85
2011-04-29,5788.0,5823.65,5720.0,5750.6
2011-05-02,5784.0,5790.0,5703.15,5720.0
2011-05-03,5703.0,5726.0,5560.0,5562.0
2011-05-04,5531.0,5592.9,5510.65,5536.0
2011-05-05,5573.0,5573.0,5443.55,5447.8
2011-05-06,5482.1,5574.5,5468.0,5549.95
2011-05-09,5570.2,5584.1,5501.55,5554.25
2011-05-10,5559.0,5605.0,5517.0,5549.2
2011-05-11,5552.15,5577.9,5523.5,5562.0
2011-05-12,5537.0,5577.7,5470.5,5486.0
2011-05-13,5495.0,5622.8,5465.2,5581.5
2011-05-16,5529.0,5537.35,5477.35,5490.0
2011-05-17,5491.0,5521.6,5422.55,5449.5
2011-05-18,5455.65,5463.55,5397.6,5427.0
2011-05-19,5437.0,5451.8,5404.45,5433.75
2011-05-20,5442.35,5522.4,5428.8,5479.6
2011-05-23,5439.0,5439.9,5364.75,5381.5
2011-05-24,5390.0,5417.8,5360.0,5393.9
2011-05-25,5366.0,5374.0,5328.55,5348.0
2011-05-26,5367.0,5414.0,5353.9,5412.9
2011-05-27,5415.0,5482.0,5415.0,5471.05
2011-05-30,5480.0,5495.3,5441.0,5467.0
2011-05-31,5488.0,5563.45,5480.15,5552.2
2011-06-01,5564.8,5594.0,5545.95,5593.0
2011-06-02,5544.0,5576.65,5531.0,5563.9
2011-06-03,5569.9,5608.5,5509.3,5533.1
2011-06-06,5509.8,5546.9,5475.3,5536.2
2011-06-07,5519.0,5577.65,5508.6,5563.0
2011-06-08,5529.0,5559.0,5511.3,5533.0
2011-06-09,5519.4,5544.05,5493.0,5521.9
2011-06-10,5512.55,5519.7,5450.25,5486.0
2011-06-13,5470.0,5511.45,5437.55,5502.0
2011-06-14,5505.0,5535.0,5495.5,5517.0
2011-06-15,5505.0,5505.0,5438.15,5452.65
2011-06-16,5415.0,5459.3,5392.6,5408.3
2011-06-17,5424.9,5424.9,5361.1,5372.75
2011-06-20,5374.4,5379.4,5182.4,5265.0
2011-06-21,5264.95,5326.7,5256.05,5276.95
2011-06-22,5306.0,5312.0,5267.8,5282.55
2011-06-23,5274.0,5337.0,5263.2,5318.5
2011-06-24,5358.0,5490.8,5335.55,5485.05
2011-06-27,5444.4,5559.0,5444.4,5536.65
2011-06-28,5554.0,5558.35,5491.8,5546.85
2011-06-29,5575.0,5612.9,5564.0,5608.0
2011-06-30,5620.6,5653.8,5603.55,5647.8
2011-07-01,5702.0,5702.0,5616.25,5632.95
2011-07-04,5684.65,5690.0,5642.3,5665.7
2011-07-05,5668.0,5670.0,5628.25,5650.0
2011-07-06,5646.95,5667.5,5617.5,5635.0
2011-07-07,5649.95,5751.6,5641.0,5745.15
2011-07-08,5755.0,5759.95,5661.0,5664.8
2011-07-11,5650.05,5659.0,5605.1,5621.0
2011-07-12,5539.8,5593.45,5502.15,5526.7
2011-07-13,5559.95,5609.9,5550.0,5609.0
2011-07-14,5577.0,5667.05,5546.1,5585.0
2011-07-15,5607.35,5640.0,5563.5,5591.4
2011-07-18,5590.0,5609.0,5560.05,5568.5
2011-07-19,5567.7,5642.0,5561.65,5619.7
2011-07-20,5658.9,5658.9,5554.05,5566.9
2011-07-21,5561.75,5586.0,5532.5,5546.5
2011-07-22,5590.1,5652.8,5573.25,5641.6
2011-07-25,5634.95,5709.8,5616.1,5687.5
2011-07-26,5707.7,5708.9,5555.55,5576.0
2011-07-27,5581.15,5584.9,5518.35,5547.9
2011-07-28,5495.5,5517.05,5473.0,5488.15
2011-07-29,5469.55,5531.45,5456.1,5491.0
2011-08-01,5547.8,5557.1,5491.4,5529.05
2011-08-02,5492.2,5498.0,5433.15,5467.5
2011-08-03,5418.1,5436.6,5386.5,5429.5
2011-08-04,5427.0,5440.0,5325.25,5338.8
2011-08-05,5224.0,5233.7,5114.7,5219.15
2011-08-08,5140.0,5208.0,5057.3,5134.0
2011-08-09,4974.0,5172.0,4951.4,5095.0
2011-08-10,5170.0,5190.0,5118.1,5148.0
2011-08-11,5139.0,5186.8,5122.0,5127.9
2011-08-12,5181.0,5181.0,5052.0,5074.7
2011-08-16,5139.4,5139.85,5006.4,5040.4
2011-08-17,5044.45,5125.7,5014.0,5068.95
2011-08-18,5075.65,5075.65,4928.35,4932.25
2011-08-19,4865.3,4903.3,4801.1,4850.0
2011-08-22,4846.1,4921.75,4816.1,4914.0
2011-08-23,4940.0,4973.2,4865.1,4945.1
2011-08-24,4925.0,4961.95,4867.5,4868.0
2011-08-25,4909.7,4912.0,4831.1,4839.65
2011-08-26,4855.3,4887.9,4718.0,4748.15
2011-08-29,4802.3,4948.0,4802.3,4940.0
2011-08-30,4995.0,5021.55,4924.0,5015.25
2011-09-02,5072.1,5072.1,4988.8,5044.9
2011-09-05,4994.15,5023.0,4954.0,5013.9
2011-09-06,4990.5,5072.25,4931.9,5067.5
2011-09-07,5100.0,5149.0,5078.25,5120.1
2011-09-08,5126.0,5174.0,5088.35,5161.8
2011-09-09,5154.85,5154.85,5042.5,5043.95
2011-09-12,4969.85,4979.4,4901.0,4943.0
2011-09-13,4972.0,5040.0,4903.85,4940.5
2011-09-14,4948.0,5032.8,4908.0,5028.9
2011-09-15,5041.0,5100.0,4957.2,5098.0
2011-09-16,5124.7,5155.0,5071.0,5087.15
2011-09-19,5055.0,5063.0,5017.3,5040.75
2011-09-20,5039.0,5167.8,5035.35,5166.45
2011-09-21,5150.0,5173.9,5113.0,5136.0
2011-09-22,5010.1,5061.95,4898.15,4908.75
2011-09-23,4879.0,4935.0,4818.6,4865.25
2011-09-26,4869.8,4879.0,4756.1,4839.85
2011-09-27,4914.9,4989.1,4905.5,4981.4
2011-09-28,4989.0,4995.0,4906.2,4942.55
2011-09-29,4925.05,5036.25,4902.5,5015.6
2011-09-30,4999.8,5031.0,4920.1,4930.25
2011-10-03,4869.8,4879.0,4813.0,4867.6
2011-10-04,4823.0,4884.75,4725.55,4778.95
2011-10-05,4791.0,4844.0,4747.0,4774.8
2011-10-07,4914.9,4939.0,4872.55,4893.9
2011-10-10,4914.9,5004.0,4890.0,4999.5
2011-10-11,5033.1,5055.0,4970.0,4980.05
2011-10-12,5006.8,5118.95,5001.0,5115.9
2011-10-13,5138.85,5139.85,5066.1,5066.75
2011-10-14,5066.9,5153.7,5056.0,5142.0
2011-10-17,5150.0,5162.0,5081.0,5122.25
2011-10-18,5051.45,5063.6,5013.3,5055.2
2011-10-19,5075.0,5157.5,5070.15,5146.15
2011-10-20,5098.5,5111.0,5033.5,5106.05
2011-10-21,5102.0,5131.4,5038.6,5069.0
2011-10-24,5122.55,5157.0,5092.7,5105.7
2011-10-25,5135.5,5192.85,5086.65,5191.8
2011-10-28,5390.0,5402.75,5341.25,5384.2
2011-10-31,5369.0,5377.9,5333.65,5345.8
2011-11-01,5305.95,5335.0,5261.0,5289.45
2011-11-02,5252.25,5334.9,5243.0,5273.6
2011-11-03,5245.25,5315.0,5221.15,5308.8
2011-11-04,5348.9,5353.95,5283.55,5316.6
2011-11-08,5319.5,5333.75,5270.1,5310.95
2011-11-09,5331.95,5331.95,5226.1,5230.0
2011-11-11,5200.5,5216.0,5161.3,5199.7
2011-11-14,5243.5,5248.0,5148.0,5150.45
2011-11-15,5133.0,5175.65,5063.75,5065.25
2011-11-16,5034.3,5080.0,4997.5,5079.0
2011-11-17,5034.0,5051.0,4915.0,4925.2
2011-11-18,4909.0,4924.9,4845.25,4924.0
2011-11-21,4879.0,4879.0,4768.6,4786.85
2011-11-22,4795.0,4860.0,4780.95,4803.75
2011-11-23,4773.0,4774.5,4632.25,4704.0
2011-11-24,4709.8,4768.0,4633.2,4756.5
2011-11-25,4750.0,4778.4,4688.55,4707.3
2011-11-28,4763.7,4874.45,4763.0,4872.0
2011-11-29,4872.0,4885.0,4788.0,4812.45
2011-11-30,4771.0,4862.0,4756.55,4844.0
2011-12-01,4995.7,5015.05,4936.0,4956.75
2011-12-02,4939.0,5094.0,4939.0,5093.05
2011-12-05,5060.0,5085.9,5022.2,5074.0
2011-12-07,5069.8,5134.65,5055.0,5066.8
2011-12-08,5049.0,5073.85,4938.35,4949.6
2011-12-09,4889.4,4942.65,4850.1,4882.95
2011-12-12,4915.0,4915.0,4762.0,4769.0
2011-12-13,4733.6,4839.7,4731.2,4836.75
2011-12-14,4789.95,4848.0,4751.05,4763.1
2011-12-15,4711.2,4784.0,4671.1,4763.7
2011-12-16,4782.95,4839.9,4624.5,4626.35
2011-12-19,4580.0,4634.4,4561.25,4615.0
2011-12-20,4629.9,4638.65,4538.0,4566.8
2011-12-21,4641.55,4725.0,4613.6,4723.0
2011-12-22,4679.95,4758.0,4640.0,4752.05
2011-12-23,4775.0,4777.8,4696.55,4723.0
2011-12-26,4729.65,4803.5,4720.0,4782.35
2011-12-27,4773.3,4807.45,4728.0,4759.2
2011-12-28,4757.0,4757.0,4683.0,4704.5
2011-12-29,4680.0,4702.55,4638.7,4646.05
2011-12-30,4685.15,4708.9,4614.0,4626.25
2012-01-02,4638.0,4656.0,4592.4,4650.5
2012-01-03,4695.0,4794.4,4690.0,4776.1
2012-01-04,4775.2,4799.0,4737.6,4754.4
2012-01-05,4756.15,4791.85,4740.1,4753.55
2012-01-06,4745.0,4821.0,4692.6,4782.0
2012-01-07,4768.0,4768.85,4755.0,4766.0
2012-01-09,4744.95,4778.0,4705.15,4757.45
2012-01-10,4783.7,4876.3,4779.5,4871.85
2012-01-11,4875.0,4889.0,4848.7,4869.95
2012-01-12,4853.0,4888.0,4818.25,4866.55
2012-01-13,4870.0,4917.8,4844.25,4885.5
2012-01-16,4854.7,4899.7,4835.35,4896.8
2012-01-17,4912.55,4988.4,4912.55,4972.55
2012-01-18,4974.0,4980.0,4933.7,4947.0
2012-01-19,4996.0,5027.2,4991.0,5020.35
2012-01-20,5050.6,5064.8,5006.35,5058.9
2012-01-23,5034.0,5062.3,5034.0,5052.0
2012-01-24,5071.05,5149.5,5048.6,5109.9
2012-01-25,5150.0,5177.25,5130.0,5159.0
2012-01-27,5201.0,5224.95,5171.5,5212.8
2012-01-30,5190.0,5190.0,5101.1,5104.95
2012-01-31,5133.7,5234.0,5130.0,5227.75
2012-02-01,5205.25,5271.5,5178.5,5269.75
2012-02-02,5294.0,5299.9,5232.3,5274.05
2012-02-03,5281.15,5357.5,5264.05,5339.0
2012-02-06,5386.6,5398.0,5332.65,5362.0
2012-02-07,5400.0,5414.8,5340.0,5358.3
2012-02-08,5366.6,5424.75,5343.35,5395.0
2012-02-09,5371.9,5451.65,5304.65,5449.0
2012-02-10,5424.8,5443.0,5350.2,5388.0
2012-02-13,5395.25,5444.5,5368.65,5414.95
2012-02-14,5404.0,5454.0,5395.6,5452.3
2012-02-15,5481.1,5564.45,5475.0,5551.0
2012-02-16,5531.2,5546.85,5501.55,5529.5
2012-02-17,5700.0,5700.0,5565.0,5597.5
2012-02-21,5571.0,5634.7,5569.9,5620.0
2012-02-22,5617.55,5632.65,5502.15,5518.1
2012-02-23,5509.75,5541.8,5465.45,5483.9
2012-02-24,5532.0,5564.15,5456.25,5485.0
2012-02-27,5478.0,5478.0,5326.2,5329.6
2012-02-28,5362.5,5459.0,5355.25,5445.0
2012-02-29,5490.0,5515.95,5400.0,5434.95
2012-03-01,5424.0,5427.0,5341.0,5379.0
2012-03-02,5409.8,5438.0,5351.45,5392.0
2012-03-03,5394.1,5403.0,5386.5,5396.5
2012-03-05,5377.35,5377.35,5295.0,5320.5
2012-03-06,5292.0,5428.0,5232.2,5232.2
2012-03-07,5229.9,5279.15,5201.0,5257.0
2012-03-09,5320.0,5373.8,5311.65,5368.9
2012-03-12,5407.0,5423.15,5345.3,5388.0
2012-03-13,5438.95,5476.0,5370.0,5474.65
2012-03-14,5526.15,5542.0,5472.0,5508.5
2012-03-15,5486.1,5495.0,5397.35,5413.15
2012-03-16,5418.9,5480.0,5330.65,5334.0
2012-03-19,5350.0,5359.9,5258.6,5273.95
2012-03-20,5279.0,5326.8,5251.0,5290.0
2012-03-21,5288.0,5405.0,5275.6,5403.25
2012-03-22,5380.0,5410.0,5220.5,5225.6
2012-03-23,5265.0,5328.8,5231.3,5297.85
2012-03-26,5270.55,5273.95,5181.0,5191.25
2012-03-27,5248.95,5295.0,5188.15,5265.65
2012-03-28,5227.0,5247.25,5171.0,5199.0
2012-03-29,5146.0,5187.45,5133.7,5179.5
2012-03-30,5250.0,5346.9,5239.0,5321.0
2012-04-02,5300.0,5372.0,5300.0,5357.45
2012-04-03,5377.0,5402.0,5367.8,5382.85
2012-04-04,5361.0,5361.0,5324.75,5349.4
2012-04-09,5294.0,5301.9,5245.05,5252.25
2012-04-10,5261.15,5277.5,5226.0,5264.35
2012-04-11,5224.0,5292.25,5203.15,5267.0
2012-04-12,5274.7,5308.4,5260.0,5285.0
2012-04-13,5303.9,5330.0,5195.2,5210.75
2012-04-16,5188.9,5258.0,5182.0,5256.3
2012-04-17,5249.7,5325.3,5221.15,5322.0
2012-04-18,5347.0,5364.45,5312.25,5315.05
2012-04-19,5330.05,5366.15,5312.85,5364.0
2012-04-20,5310.0,5353.55,5000.0,5303.15
2012-04-23,5297.0,5314.65,5182.25,5184.0
2012-04-24,5199.8,5238.9,5186.2,5229.3
2012-04-25,5220.0,5235.4,5153.4,5197.0
2012-04-26,5221.15,5221.15,5174.95,5189.2
2012-04-27,5200.0,5250.0,5168.5,5209.75
2012-04-28,5216.0,5240.0,5215.0,5232.2
2012-04-30,5229.0,5288.0,5226.15,5268.9
2012-05-02,5281.3,5301.7,5236.05,5244.55
2012-05-03,5224.0,5233.95,5189.0,5205.95
2012-05-04,5171.1,5181.4,5082.55,5090.5
2012-05-07,5024.35,5139.5,5001.0,5138.9
2012-05-08,5120.0,5126.0,4987.05,4995.1
2012-05-09,4965.7,5027.95,4954.95,4984.5
2012-05-10,4987.0,5045.8,4945.55,4975.0
2012-05-11,5056.0,5056.0,4900.1,4929.0
2012-05-14,4930.0,4950.0,4865.05,4878.0
2012-05-15,4860.0,4954.75,4860.0,4939.0
2012-05-16,4865.0,4878.55,4827.3,4853.0
2012-05-17,4872.0,4911.45,4830.0,4852.7
2012-05-18,4778.0,4906.3,4767.45,4905.0
2012-05-21,4896.65,4931.95,4882.4,4885.95
2012-05-22,4935.0,4940.0,4830.45,4845.3
2012-05-23,4827.7,4838.35,4782.2,4810.15
2012-05-24,4830.1,4924.9,4812.2,4922.0
2012-05-25,4905.4,4933.0,4877.25,4927.25
2012-05-28,4929.0,4987.7,4925.2,4987.25
2012-05-29,5011.3,5011.3,4966.1,4976.05
2012-05-30,4949.95,4964.0,4926.1,4930.75
2012-05-31,4900.0,4926.55,4880.2,4924.1
2012-06-01,4908.5,4914.55,4815.0,4817.85
2012-06-04,4775.0,4852.0,4760.5,4851.0
2012-06-05,4856.0,4878.8,4822.1,4844.0
2012-06-06,4882.65,4987.8,4882.65,4975.3
2012-06-07,5025.0,5037.4,4981.0,5033.3
2012-06-08,5009.0,5079.0,4965.0,5076.25
2012-06-11,5101.2,5124.0,5034.5,5038.75
2012-06-12,5025.0,5138.0,5022.0,5121.35
2012-06-13,5120.0,5144.85,5090.65,5127.05
2012-06-14,5113.15,5138.75,5046.25,5051.9
2012-06-15,5075.15,5156.0,5072.8,5140.55
2012-06-18,5180.5,5191.0,5031.35,5066.0
2012-06-19,5058.0,5120.9,5047.15,5114.95
2012-06-20,5114.3,5143.9,5096.25,5129.9
2012-06-21,5109.95,5178.5,5092.05,5177.0
2012-06-22,5110.1,5167.05,5090.6,5155.25
2012-06-25,5148.9,5202.9,5098.2,5105.55
2012-06-26,5101.1,5141.5,5093.35,5137.0
2012-06-27,5151.85,5162.15,5124.0,5141.15
2012-06-28,5154.0,5159.0,5121.0,5149.0
2012-06-29,5215.3,5309.75,5215.3,5288.75
2012-07-02,5311.25,5324.9,5278.15,5290.6
2012-07-03,5321.65,5333.7,5271.5,5302.0
2012-07-04,5317.7,5331.85,5287.35,5323.0
2012-07-05,5311.35,5354.5,5307.5,5339.0
2012-07-06,5334.8,5340.0,5297.4,5329.25
2012-07-09,5310.0,5318.0,5263.0,5278.55
2012-07-10,5284.9,5363.7,5280.0,5356.5
2012-07-11,5326.3,5352.15,5312.6,5321.75
2012-07-12,5270.0,5279.95,5228.65,5247.15
2012-07-13,5256.85,5276.9,5228.8,5240.05
2012-07-16,5242.0,5261.05,5199.0,5208.05
2012-07-17,5245.25,5248.0,5188.2,5193.0
2012-07-18,5209.0,5237.25,5177.2,5225.0
2012-07-19,5260.6,5268.35,5242.5,5257.85
2012-07-20,5241.85,5248.5,5205.7,5221.1
2012-07-23,5173.25,5174.0,5111.55,5122.05
2012-07-24,5112.0,5152.95,5107.25,5135.0
2012-07-25,5124.65,5126.0,5078.25,5114.0
2012-07-26,5124.0,5124.0,5034.1,5042.95
2012-07-27,5144.45,5179.75,5095.5,5131.45
2012-07-30,5157.0,5224.0,5150.25,5214.0
2012-07-31,5242.65,5247.0,5168.0,5239.8
2012-08-01,5239.0,5266.8,5229.0,5253.9
2012-08-02,5248.0,5252.85,5222.1,5252.5
2012-08-03,5100.0,5246.75,5100.0,5242.0
2012-08-06,5287.15,5309.9,5278.1,5291.0
2012-08-07,5301.0,5366.8,5295.05,5346.0
2012-08-08,5355.05,5393.55,5345.5,5357.05
2012-08-09,5365.0,5384.0,5332.0,5358.0
2012-08-10,5341.0,5359.9,5320.1,5350.0
2012-08-13,5338.0,5377.7,5326.85,5370.0
2012-08-14,5369.9,5416.9,5355.55,5406.0
2012-08-16,5408.0,5410.0,5376.2,5382.8
2012-08-17,5385.05,5423.6,5351.55,5384.0
2012-08-21,5385.0,5447.05,5373.05,5441.95
2012-08-22,5405.65,5454.75,5405.65,5436.0
2012-08-23,5444.0,5462.95,5403.15,5431.0
2012-08-24,5412.0,5414.0,5381.05,5406.3
2012-08-27,5403.25,5406.45,5358.1,5363.0
2012-08-28,5361.65,5365.5,5320.95,5339.9
2012-08-29,5350.0,5350.0,5292.5,5294.95
2012-08-30,5280.0,5319.0,5258.7,5315.9
2012-08-31,5321.0,5328.0,5268.95,5288.0
2012-09-03,5301.2,5324.3,5272.3,5274.7
2012-09-04,5283.5,5304.8,5258.65,5302.75
2012-09-05,5275.0,5279.95,5240.9,5251.55
2012-09-06,5238.0,5285.9,5237.0,5265.35
2012-09-07,5329.95,5362.75,5326.0,5361.9
2012-09-08,5369.0,5389.6,5362.05,5380.2
2012-09-10,5383.7,5386.7,5358.5,5369.25
2012-09-11,5359.7,5409.0,5335.0,5406.0
2012-09-12,5423.2,5452.9,5402.45,5452.2
2012-09-13,5450.0,5454.95,5435.35,5448.0
2012-09-14,5530.05,5597.7,5530.05,5577.0
2012-09-17,5670.1,5670.1,5593.5,5613.0
2012-09-18,5614.0,5631.65,5601.2,5612.4
2012-09-20,5552.0,5594.6,5551.25,5560.95
2012-09-21,5583.85,5735.55,5583.85,5710.45
2012-09-24,5728.9,5728.9,5675.5,5683.6
2012-09-25,5688.95,5708.85,5661.9,5685.0
2012-09-26,5663.9,5678.25,5643.6,5666.25
2012-09-27,5700.0,5700.0,5644.0,5650.0
2012-09-28,5714.9,5766.05,5711.0,5723.95
2012-10-01,5725.6,5759.0,5718.0,5758.75
2012-10-03,5763.7,5773.0,5741.75,5771.45
2012-10-04,5785.0,5842.0,5780.0,5830.0
2012-10-05,5855.6,5855.6,5732.4,5774.9
2012-10-08,5765.0,5775.0,5694.25,5697.8
2012-10-09,5732.0,5756.75,5696.8,5722.25
2012-10-10,5692.3,5710.75,5666.9,5674.55
2012-10-11,5669.0,5749.0,5656.3,5745.05
2012-10-12,5717.9,5742.7,5678.0,5688.0
2012-10-15,5687.0,5715.0,5664.4,5702.2
2012-10-16,5725.0,5732.0,5637.4,5651.0
2012-10-17,5686.15,5694.85,5645.55,5664.75
2012-10-18,5685.55,5743.95,5664.8,5734.8
2012-10-19,5717.0,5721.5,5665.0,5685.0
2012-10-22,5670.0,5730.55,5666.45,5722.5
2012-10-23,5715.0,5721.8,5683.4,5698.9
2012-10-25,5687.0,5717.95,5681.4,5706.0
2012-10-26,5711.1,5727.9,5673.45,5703.0
2012-10-29,5708.0,5729.85,5678.35,5706.5
2012-10-30,5694.8,5724.8,5619.15,5627.0
2012-10-31,5629.0,5651.8,5613.2,5643.0
2012-11-01,5637.7,5684.8,5628.9,5676.45
2012-11-02,5709.95,5747.95,5700.0,5741.0
2012-11-05,5759.95,5759.95,5710.95,5739.55
2012-11-06,5728.0,5774.8,5728.0,5773.0
2012-11-07,5760.05,5818.8,5742.5,5794.4
2012-11-08,5744.7,5776.8,5740.0,5767.0
2012-11-09,5756.2,5782.1,5702.6,5725.0
2012-11-12,5717.3,5733.0,5693.1,5714.25
2012-11-15,5655.0,5661.5,5620.0,5647.95
2012-11-16,5648.0,5664.0,5568.0,5571.15
2012-11-19,5588.0,5603.6,5561.55,5594.0
2012-11-20,5614.0,5616.65,5555.55,5584.0
2012-11-21,5590.1,5628.0,5569.7,5620.5
2012-11-22,5627.0,5657.65,5614.0,5639.9
2012-11-23,5647.3,5647.5,5597.2,5630.0
2012-11-26,5651.1,5654.9,5629.75,5640.15
2012-11-27,5658.0,5738.0,5656.5,5734.6
2012-11-29,5734.6,5837.8,5734.6,5826.3
2012-11-30,5891.1,5926.0,5868.05,5907.9
2012-12-03,5915.35,5933.0,5888.0,5916.0
2012-12-04,5901.0,5928.0,5892.0,5926.0
2012-12-05,5945.3,5958.85,5928.1,5949.0
2012-12-06,5953.0,5984.65,5870.1,5979.9
2012-12-07,5979.95,5979.95,5921.75,5930.85
2012-12-10,5944.0,5955.0,5923.8,5937.25
2012-12-11,5957.35,6002.85,5897.55,5930.1
2012-12-12,5940.55,5963.2,5915.65,5924.0
2012-12-13,5937.45,5939.0,5865.35,5878.5
2012-12-14,5884.95,5922.8,5871.9,5918.9
2012-12-17,5902.7,5907.7,5881.1,5888.95
2012-12-18,5904.0,5950.0,5838.05,5930.9
2012-12-19,5951.1,5961.4,5935.1,5940.05
2012-12-20,5940.05,5949.7,5895.05,5922.9
2012-12-21,5900.0,5905.0,5847.4,5851.2
2012-12-24,5871.35,5877.55,5853.5,5866.8
2012-12-26,5871.0,5926.45,5864.5,5915.25
2012-12-27,5925.6,5931.55,5867.6,5870.5
2012-12-28,5932.5,5960.0,5930.0,5954.3
2012-12-31,5979.0,5979.0,5942.25,5950.0
2013-01-01,5958.0,6017.45,5958.0,6007.0
2013-01-02,6007.5,6049.9,6007.5,6033.95
2013-01-03,6058.15,6058.15,6026.6,6037.55
2013-01-04,6031.05,6052.5,6012.5,6047.0
2013-01-07,6052.5,6059.0,6013.65,6016.05
2013-01-08,6015.05,6050.4,5993.0,6041.7
2013-01-09,6040.0,6048.6,5981.35,6002.0
2013-01-10,6018.0,6034.0,5983.75,5994.3
2013-01-11,6027.25,6038.0,5969.15,5973.5
2013-01-14,5988.0,6067.25,5985.1,6065.0
2013-01-15,6059.0,6096.0,6036.55,6084.0
2013-01-16,6069.4,6075.55,6011.1,6016.75
2013-01-17,6025.0,6072.45,6000.1,6052.0
2013-01-18,6075.0,6094.5,6060.15,6072.95
2013-01-21,6089.85,6107.5,6070.5,6097.95
2013-01-22,6101.3,6109.0,6054.5,6061.25
2013-01-23,6068.0,6079.95,6028.2,6077.95
2013-01-24,6064.85,6068.45,6009.85,6024.9
2013-01-25,6028.25,6082.55,6014.9,6078.5
2013-01-28,6080.25,6091.3,6063.5,6079.0
2013-01-29,6071.0,6120.0,6041.2,6049.7
2013-01-30,6072.0,6076.15,6047.85,6061.0
2013-01-31,6067.8,6067.8,6027.4,6035.45
2013-02-01,6068.95,6078.0,6026.6,6038.25
2013-02-04,6050.0,6063.75,5990.3,5995.0
2013-02-05,5969.8,5993.1,5964.25,5974.7
2013-02-06,5988.25,5993.65,5966.2,5971.1
2013-02-07,5955.0,5992.45,5940.1,5965.0
2013-02-08,5960.0,5973.45,5900.0,5914.0
2013-02-11,5915.0,5937.0,5905.0,5919.75
2013-02-12,5911.55,5947.25,5903.0,5941.85
2013-02-13,5948.0,5979.25,5926.65,5938.75
2013-02-14,5941.9,5950.2,5889.05,5895.0
2013-02-15,5889.7,5909.0,5858.65,5885.0
2013-02-18,5895.0,5921.25,5884.15,5906.5
2013-02-19,5906.5,5961.0,5888.2,5959.85
2013-02-20,5970.25,5974.4,5948.1,5964.9
2013-02-21,5929.0,5939.0,5846.6,5851.9
2013-02-22,5825.55,5883.25,5825.0,5856.55
2013-02-25,5868.75,5899.0,5822.0,5851.4
2013-02-26,5832.6,5838.0,5755.25,5768.45
2013-02-27,5781.15,5817.45,5748.8,5793.0
2013-02-28,5839.7,5842.2,5673.9,5692.8
2013-03-01,5718.95,5757.4,5703.25,5729.5
2013-03-04,5710.0,5725.0,5678.1,5721.9
2013-03-05,5732.55,5808.4,5729.75,5801.0
2013-03-06,5821.55,5849.8,5813.65,5845.6
2013-03-07,5830.0,5903.35,5816.15,5900.25
2013-03-08,5908.0,5981.55,5901.0,5966.0
2013-03-11,5967.65,5990.1,5948.0,5950.95
2013-03-12,5962.4,5975.0,5914.1,5931.6
2013-03-13,5909.8,5916.0,5858.0,5861.05
2013-03-14,5861.6,5949.9,5805.05,5940.0
2013-03-15,5945.0,5967.4,5880.0,5899.0
2013-03-18,5844.7,5869.7,5834.9,5849.0
2013-03-19,5863.0,5869.45,5736.55,5753.0
2013-03-20,5735.0,5758.55,5701.0,5724.55
2013-03-21,5729.9,5772.0,5655.05,5658.85
2013-03-22,5660.0,5707.6,5641.95,5662.6
2013-03-25,5700.0,5717.2,5633.9,5642.2
2013-03-26,5624.0,5658.8,5619.55,5635.0
2013-03-28,5635.25,5684.55,5604.0,5683.5
2013-04-01,5716.35,5743.0,5696.1,5721.65
2013-04-02,5711.0,5773.35,5704.6,5765.1
2013-04-03,5746.0,5763.2,5666.4,5683.3
2013-04-04,5657.75,5658.5,5583.3,5594.85
2013-04-05,5586.0,5594.0,5552.8,5561.75
2013-04-08,5550.0,5587.2,5550.0,5561.9
2013-04-09,5584.9,5622.4,5494.0,5499.8
2013-04-10,5529.0,5577.65,5480.3,5558.85
2013-04-11,5595.0,5617.85,5542.2,5591.5
2013-04-12,5529.0,5563.0,5515.1,5533.45
2013-04-15,5510.0,5600.95,5503.15,5562.0
2013-04-16,5549.0,5708.0,5538.9,5693.0
2013-04-17,5709.95,5733.45,5666.2,5697.0
2013-04-18,5719.9,5796.7,5685.45,5771.0
2013-04-22,5816.3,5843.1,5791.0,5839.5
2013-04-23,5833.45,5852.45,5795.6,5842.0
2013-04-25,5898.4,5924.35,5861.0,5916.7
2013-04-26,5919.0,5920.0,5877.15,5889.4
2013-04-29,5894.0,5934.9,5884.65,5914.0
2013-04-30,5950.0,5965.9,5867.0,5922.0
2013-05-02,5936.0,6024.95,5930.0,6009.95
2013-05-03,6000.1,6006.0,5937.45,5951.85
2013-05-06,5960.0,5981.4,5930.2,5977.0
2013-05-07,5988.2,6057.0,5985.05,6050.5
2013-05-08,6067.2,6089.6,6025.3,6089.6
2013-05-09,6090.0,6090.0,6038.1,6058.9
2013-05-10,6053.0,6118.0,6045.45,6106.9
2013-05-11,6101.85,6129.9,6099.0,6129.0
2013-05-13,6114.85,6119.0,5986.1,5988.85
2013-05-14,5994.5,6039.9,5980.5,6010.0
2013-05-15,6026.6,6168.9,6026.25,6159.2
2013-05-16,6159.95,6198.0,6143.55,6180.0
2013-05-17,6185.1,6209.2,6152.55,6191.0
2013-05-20,6206.1,6239.0,6154.35,6172.1
2013-05-21,6168.55,6189.6,6106.0,6118.85
2013-05-22,6134.0,6154.0,6081.3,6110.5
2013-05-23,6078.0,6079.9,5952.6,5970.0
2013-05-24,6000.0,6011.45,5936.1,5990.9
2013-05-27,5988.75,6100.0,5972.75,6069.0
2013-05-28,6071.0,6127.0,6048.1,6112.4
2013-05-29,6113.4,6113.4,6055.55,6085.0
2013-05-30,6052.0,6131.0,6052.0,6124.2
2013-05-31,6119.0,6119.0,5991.0,5991.0
2013-06-03,6020.0,6080.15,5925.0,5959.45
2013-06-04,5948.25,5994.9,5921.0,5936.5
2013-06-05,5920.55,5951.9,5896.25,5944.9
2013-06-06,5900.0,5969.25,5878.3,5932.7
2013-06-07,5933.5,5989.95,5883.1,5898.85
2013-06-10,5920.1,5939.7,5867.25,5905.85
2013-06-11,5868.0,5877.45,5793.6,5797.2
2013-06-12,5778.9,5808.8,5747.2,5776.95
2013-06-13,5720.25,5738.45,5692.25,5703.0
2013-06-14,5769.0,5823.45,5735.0,5802.0
2013-06-17,5818.5,5852.0,5770.0,5848.3
2013-06-18,5840.0,5867.4,5800.2,5810.45
2013-06-19,5802.65,5829.1,5776.15,5823.45
2013-06-20,5749.5,5750.0,5640.25,5641.35
2013-06-21,5619.95,5682.0,5613.9,5654.95
2013-06-24,5628.0,5628.0,5556.6,5599.7
2013-06-25,5603.0,5667.55,5568.55,5601.8
2013-06-26,5620.0,5630.6,5571.0,5577.85
2013-06-27,5639.4,5702.9,5627.05,5683.0
2013-06-28,5761.15,5852.0,5761.15,5832.6
2013-07-01,5829.9,5896.5,5825.05,5894.1
2013-07-02,5878.0,5889.8,5850.1,5865.0
2013-07-03,5816.4,5816.4,5755.0,5779.0
2013-07-04,5793.95,5854.6,5781.0,5845.0
2013-07-05,5870.1,5904.8,5858.4,5873.7
2013-07-08,5837.4,5844.0,5772.6,5834.4
2013-07-09,5850.55,5876.9,5842.2,5862.9
2013-07-10,5877.0,5887.0,5808.0,5815.0
2013-07-11,5898.15,5963.0,5893.0,5937.55
2013-07-12,6004.9,6021.0,5951.0,6019.25
2013-07-15,6005.6,6044.75,5984.45,6031.0
2013-07-16,6032.0,6032.0,5844.4,5979.0
2013-07-17,5982.85,5998.8,5932.05,5969.0
2013-07-18,5986.25,6066.2,5981.1,6060.1
2013-07-19,6054.0,6074.4,6034.05,6037.0
2013-07-22,6028.8,6072.9,6017.95,6038.45
2013-07-23,6077.0,6107.25,6069.6,6085.9
2013-07-24,6046.55,6059.0,5971.2,6003.8
2013-07-25,5980.2,5994.7,5899.05,5907.25
2013-07-26,5955.0,5974.25,5907.5,5926.0
2013-07-29,5915.55,5924.0,5871.0,5876.0
2013-07-30,5883.3,5905.0,5787.3,5803.1
2013-07-31,5780.0,5792.5,5715.0,5776.95
2013-08-01,5799.0,5841.0,5701.0,5755.7
2013-08-02,5779.0,5787.3,5681.6,5699.0
2013-08-05,5720.0,5762.7,5695.55,5719.0
2013-08-06,5687.85,5688.95,5546.05,5576.0
2013-08-07,5578.0,5603.0,5515.8,5549.0
2013-08-08,5552.15,5602.0,5541.5,5586.05
2013-08-12,5598.5,5658.95,5568.1,5609.0
2013-08-13,5607.0,5717.0,5589.15,5714.05
2013-08-14,5719.9,5759.0,5698.45,5757.6
2013-08-16,5716.6,5725.0,5493.35,5508.5
2013-08-19,5500.0,5500.0,5367.05,5404.0
2013-08-20,5404.9,5419.9,5200.0,5385.0
2013-08-21,5492.0,5498.7,5257.6,5310.5
2013-08-22,5260.0,5425.0,5250.0,5410.6
2013-08-23,5420.0,5467.95,5370.3,5464.7
2013-08-26,5482.5,5526.75,5442.4,5454.95
2013-08-27,5409.9,5424.8,5256.9,5295.7
2013-08-28,5218.7,5318.7,5108.25,5274.9
2013-08-29,5328.0,5427.0,5298.3,5410.2
2013-08-30,5400.0,5482.75,5356.0,5463.0
2013-09-02,5464.1,5568.0,5458.25,5554.35
2013-09-03,5555.0,5572.0,5323.2,5329.55
2013-09-04,5338.0,5475.0,5318.75,5450.0
2013-09-05,5551.6,5640.05,5545.0,5601.1
2013-09-06,5621.0,5706.9,5581.75,5695.7
2013-09-10,5772.25,5916.35,5771.15,5905.45
2013-09-11,5889.0,5954.7,5851.35,5933.95
2013-09-12,5954.0,5955.0,5825.0,5867.45
2013-09-13,5835.5,5908.75,5822.2,5877.0
2013-09-16,5976.0,6029.0,5814.2,5860.1
2013-09-17,5850.0,5888.15,5821.0,5883.4
2013-09-18,5890.0,5945.8,5865.1,5941.0
2013-09-19,6077.7,6174.8,6072.0,6142.8
2013-09-20,6130.0,6154.55,5950.2,6045.65
2013-09-23,5983.8,6011.15,5887.85,5912.6
2013-09-24,5899.9,5962.75,5875.4,5917.0
2013-09-25,5920.0,5923.9,5820.95,5888.95
2013-09-26,5893.9,5923.8,5867.2,5882.8
2013-09-27,5951.25,5959.65,5875.0,5888.0
2013-09-30,5846.0,5854.85,5774.0,5777.05
2013-10-01,5806.65,5837.0,5754.05,5833.6
2013-10-03,5860.0,5996.0,5846.1,5965.25
2013-10-04,5945.05,6008.95,5926.1,5957.0
2013-10-07,5937.7,5949.8,5856.5,5944.6
2013-10-08,6000.0,6021.0,5944.25,5954.2
2013-10-09,5918.0,6057.95,5905.0,6053.9
2013-10-10,6038.0,6073.8,6005.55,6071.3
2013-10-11,6139.9,6143.15,6072.0,6123.9
2013-10-14,6117.35,6154.9,6104.3,6147.0
2013-10-15,6175.0,6193.6,6077.6,6107.5
2013-10-17,6123.0,6139.0,6058.8,6066.1
2013-10-18,6090.0,6224.0,6088.25,6206.0
2013-10-21,6220.0,6239.0,6182.5,6236.8
2013-10-22,6210.0,6236.0,6197.3,6227.0
2013-10-23,6230.3,6230.3,6126.05,6187.0
2013-10-24,6180.25,6267.75,6147.25,6177.0
2013-10-25,6152.35,6188.4,6130.1,6141.1
2013-10-28,6170.15,6181.0,6097.7,6107.1
2013-10-29,6100.0,6237.7,6080.0,6232.0
2013-10-30,6245.15,6276.0,6222.85,6255.2
2013-10-31,6238.0,6302.6,6233.1,6299.2
2013-11-01,6315.05,6369.95,6312.2,6357.2
2013-11-05,6335.15,6356.25,6284.45,6295.0
2013-11-06,6303.95,6307.75,6252.85,6263.6
2013-11-07,6265.0,6338.65,6221.35,6226.0
2013-11-08,6217.35,6227.0,6165.25,6182.7
2013-11-11,6147.0,6189.0,6113.25,6134.95
2013-11-12,6138.0,6153.9,6063.6,6065.0
2013-11-13,6042.35,6088.0,6008.1,6035.0
2013-11-14,6080.25,6137.95,6071.3,6088.0
2013-11-18,6162.6,6227.7,6151.15,6225.0
2013-11-19,6215.1,6240.0,6182.5,6230.45
2013-11-20,6209.9,6234.45,6129.25,6131.6
2013-11-21,6109.7,6114.5,6003.0,6032.0
2013-11-22,6044.9,6067.0,5983.0,6032.05
2013-11-25,6060.1,6141.5,6050.0,6133.0
2013-11-26,6108.9,6122.25,6063.15,6066.95
2013-11-27,6062.0,6087.4,6038.0,6072.85
2013-11-28,6101.0,6120.0,6062.55,6091.85
2013-11-29,6162.0,6243.4,6148.8,6228.0
2013-12-02,6215.0,6274.15,6215.0,6262.0
2013-12-03,6239.4,6264.8,6223.0,6249.75
2013-12-04,6223.55,6253.2,6184.4,6213.0
2013-12-05,6301.55,6341.4,6267.1,6273.0
2013-12-06,6285.25,6319.2,6267.4,6317.7
2013-12-09,6425.65,6480.0,6375.5,6381.9
2013-12-10,6317.35,6417.0,6317.35,6371.5
2013-12-11,6350.15,6359.0,6311.8,6357.05
2013-12-12,6317.8,6318.0,6257.0,6258.0
2013-12-13,6224.7,6234.55,6189.55,6208.0
2013-12-16,6193.7,6203.7,6168.45,6176.25
2013-12-17,6216.25,6217.65,6153.0,6153.0
2013-12-18,6152.85,6263.85,6151.1,6259.5
2013-12-19,6284.9,6289.6,6161.1,6183.1
2013-12-20,6179.7,6301.6,6170.0,6300.0
2013-12-23,6309.0,6334.0,6289.3,6303.5
2013-12-24,6310.2,6312.95,6272.0,6283.0
2013-12-26,6283.3,6305.65,6266.1,6279.0
2013-12-27,6340.0,6383.0,6335.0,6370.2
2013-12-30,6385.0,6389.55,6322.05,6335.0
2013-12-31,6352.0,6380.0,6339.0,6354.9
2014-01-01,6364.95,6369.9,6345.2,6360.65
2014-01-02,6354.75,6408.7,6246.05,6255.8
2014-01-03,6224.8,6261.0,6201.0,6258.4
2014-01-06,6240.0,6249.0,6203.0,6227.2
2014-01-07,6248.0,6260.0,6172.65,6196.05
2014-01-08,6207.0,6217.85,6184.2,6197.5
2014-01-09,6197.55,6203.95,6161.65,6193.0
2014-01-10,6182.8,6269.0,6156.0,6180.0
2014-01-13,6201.25,6301.6,6201.25,6301.0
2014-01-14,6284.0,6289.5,6243.65,6262.0
2014-01-15,6270.8,6336.0,6267.4,6329.1
2014-01-16,6330.0,6351.7,6304.85,6331.9
2014-01-17,6305.05,6338.55,6247.05,6273.2
2014-01-20,6268.3,6332.0,6248.0,6318.0
2014-01-21,6328.45,6342.0,6305.0,6328.95
2014-01-22,6329.0,6366.0,6291.6,6344.9
2014-01-23,6334.8,6369.2,6322.05,6359.0
2014-01-24,6317.5,6338.65,6266.4,6277.5
2014-01-27,6195.0,6209.8,6142.5,6152.6
2014-01-28,6145.0,6171.8,6086.3,6142.5
2014-01-29,6165.0,6175.55,6107.1,6127.9
2014-01-30,6059.9,6078.1,6025.1,6074.2
2014-01-31,6115.0,6134.85,6090.0,6109.0
2014-02-03,6087.35,6102.7,6034.0,6036.75
2014-02-04,6000.0,6048.8,5957.25,6044.15
2014-02-05,6025.5,6055.0,5982.1,6044.0
2014-02-06,6052.65,6068.15,5975.2,6053.0
2014-02-07,6092.1,6099.6,6036.1,6077.95
2014-02-10,6088.25,6107.0,6054.45,6060.05
2014-02-11,6088.0,6095.0,6066.0,6074.45
2014-02-12,6102.0,6126.0,6088.7,6093.85
2014-02-13,6103.25,6108.55,5997.0,5998.65
2014-02-14,6022.0,6064.9,5992.35,6061.25
2014-02-17,6079.6,6098.95,6045.0,6098.05
2014-02-18,6087.65,6156.7,6082.1,6130.3
2014-02-19,6135.1,6167.4,6129.2,6166.0
2014-02-20,6131.0,6139.3,6102.85,6107.2
2014-02-21,6125.0,6169.85,6118.0,6161.0
2014-02-24,6155.0,6199.25,6142.35,6197.0
2014-02-25,6213.25,6223.3,6178.5,6205.45
2014-02-26,6206.15,6243.4,6206.15,6239.85
2014-02-28,6265.4,6294.75,6260.05,6281.55
2014-03-03,6280.0,6292.9,6228.0,6235.0
2014-03-04,5620.0,6339.4,5620.0,6330.0
2014-03-05,6358.95,6361.65,6306.85,6347.55
2014-03-06,6372.6,6436.45,6358.3,6432.0
2014-03-07,6447.0,6562.95,6439.55,6547.8
2014-03-10,6525.0,6594.2,6520.15,6566.1
2014-03-11,6575.0,6587.65,6522.0,6551.15
2014-03-12,6528.25,6579.45,6515.05,6552.95
2014-03-13,6555.0,6588.8,6503.15,6520.0
2014-03-14,6479.95,6553.9,6461.4,6537.8
2014-03-18,6555.15,6602.8,6522.55,6547.0
2014-03-19,6563.9,6573.3,6531.1,6547.55
2014-03-20,6530.0,6549.9,6489.6,6506.1
2014-03-21,6530.05,6537.0,6506.4,6508.6
2014-03-22,6502.25,6520.0,6497.0,6516.0
2014-03-24,6535.6,6611.65,6532.2,6597.0
2014-03-25,6597.9,6610.9,6581.55,6607.15
2014-03-26,6640.25,6641.0,6588.4,6614.4
2014-03-27,6610.05,6681.65,6603.6,6642.45
2014-03-28,6708.6,6735.8,6685.2,6735.4
2014-03-31,6759.95,6765.9,6706.95,6744.8
2014-04-01,6765.0,6767.65,6705.55,6761.0
2014-04-02,6773.25,6798.25,6753.55,6796.55
2014-04-03,6797.8,6799.65,6736.0,6774.95
2014-04-04,6765.5,6774.9,6731.5,6746.0
2014-04-07,6748.1,6769.0,6696.85,6736.6
2014-04-09,6773.1,6847.0,6748.05,6842.75
2014-04-10,6837.0,6861.25,6810.2,6812.9
2014-04-11,6775.0,6823.65,6775.0,6798.05
2014-04-15,6900.0,6900.0,6735.15,6751.2
2014-04-16,6745.0,6780.0,6688.5,6693.5
2014-04-17,6715.0,6805.95,6704.05,6799.45
2014-04-21,6810.0,6849.6,6801.2,6827.65
2014-04-22,6823.65,6848.95,6817.25,6836.45
2014-04-23,6829.85,6858.9,6824.2,6841.9
2014-04-25,6900.0,6902.0,6806.0,6826.95
2014-04-28,6808.0,6843.5,6795.1,6822.5
2014-04-29,6822.7,6822.7,6742.3,6764.1
2014-04-30,6781.0,6828.45,6692.0,6741.0
2014-05-02,6750.0,6774.0,6720.1,6724.1
2014-05-05,6720.05,6777.8,6711.05,6732.75
2014-05-06,6757.95,6774.7,6726.5,6747.45
2014-05-07,6744.85,6749.0,6671.0,6678.8
2014-05-08,6720.0,6720.0,6661.65,6680.0
2014-05-09,6679.0,6898.0,6670.9,6894.7
2014-05-12,6911.65,7051.0,6911.6,7051.0
2014-05-13,7121.35,7203.0,7078.8,7137.8
2014-05-14,7150.0,7171.5,7107.7,7139.95
2014-05-15,7139.9,7182.1,7111.0,7145.0
2014-05-16,7351.1,7625.0,7159.9,7240.0
2014-05-19,7303.35,7323.9,7216.5,7269.95
2014-05-20,7304.95,7347.6,7267.0,7288.55
2014-05-21,7265.1,7316.95,7235.25,7274.45
2014-05-22,7311.0,7337.4,7278.8,7292.3
2014-05-23,7329.0,7395.0,7306.6,7390.85
2014-05-26,7450.05,7513.95,7267.0,7366.2
2014-05-27,7361.0,7365.5,7281.5,7313.7
2014-05-28,7322.65,7344.4,7303.25,7337.0
2014-05-29,7325.0,7330.9,7230.1,7235.0
2014-05-30,7275.5,7294.0,7223.1,7230.0
2014-06-02,7255.0,7379.0,7239.65,7370.95
2014-06-03,7385.25,7433.95,7346.0,7423.15
2014-06-04,7422.0,7438.9,7402.75,7416.8
2014-06-05,7413.5,7498.0,7376.05,7497.9
2014-06-06,7549.0,7601.8,7512.15,7599.0
2014-06-09,7631.15,7689.45,7624.25,7665.0
2014-06-10,7677.5,7680.0,7588.0,7675.0
2014-06-11,7670.0,7715.55,7610.0,7622.0
2014-06-12,7640.0,7677.0,7610.0,7670.2
2014-06-13,7677.0,7682.0,7542.25,7560.5
2014-06-16,7552.5,7577.95,7513.0,7554.0
2014-06-17,7543.0,7665.1,7533.1,7661.85
2014-06-18,7655.5,7672.95,7523.4,7556.0
2014-06-19,7593.9,7617.15,7520.55,7557.75
2014-06-20,7556.7,7578.9,7511.0,7529.45
2014-06-23,7538.5,7550.0,7464.4,7508.0
2014-06-24,7530.15,7616.75,7525.6,7592.0
2014-06-25,7587.0,7597.7,7567.0,7576.15
2014-06-26,7568.6,7570.5,7487.0,7493.0
2014-06-27,7550.0,7569.0,7512.3,7545.25
2014-06-30,7556.0,7649.9,7555.05,7623.85
2014-07-01,7646.5,7678.0,7637.5,7668.0
2014-07-02,7709.95,7758.9,7702.65,7749.0
2014-07-03,7761.6,7773.9,7726.3,7739.0
2014-07-04,7754.0,7791.4,7676.75,7790.0
2014-07-07,7810.0,7812.7,7760.1,7797.05
2014-07-08,7810.0,7817.85,7620.85,7630.1
2014-07-09,7650.0,7669.7,7567.75,7591.0
2014-07-10,7611.25,7753.9,7486.05,7543.0
2014-07-11,7565.15,7638.8,7466.35,7485.0
2014-07-14,7488.2,7505.5,7445.0,7482.9
2014-07-15,7512.0,7548.0,7467.0,7534.5
2014-07-16,7566.0,7662.4,7535.5,7660.0
2014-07-17,7642.0,7674.7,7628.2,7658.9
2014-07-18,7623.7,7692.0,7587.8,7668.0
2014-07-21,7701.35,7719.1,7675.35,7682.5
2014-07-22,7715.25,7773.5,7706.0,7773.5
2014-07-23,7794.95,7806.95,7746.2,7789.0
2014-07-24,7788.9,7839.0,7762.9,7832.4
2014-07-25,7820.15,7832.8,7751.3,7783.5
2014-07-28,7788.6,7803.0,7721.8,7741.3
2014-07-30,7751.65,7794.5,7711.15,7787.6
2014-07-31,7776.8,7788.25,7715.2,7722.45
2014-08-01,7686.05,7744.9,7611.25,7623.35
2014-08-04,7661.15,7725.9,7646.3,7724.1
2014-08-05,7734.15,7788.6,7655.2,7771.95
2014-08-06,7747.7,7759.0,7676.7,7698.7
2014-08-07,7679.8,7750.0,7650.0,7678.0
2014-08-08,7604.5,7618.9,7560.55,7593.9
2014-08-11,7651.0,7651.0,7611.0,7644.0
2014-08-12,7699.7,7755.9,7663.5,7750.7
2014-08-13,7728.1,7776.65,7706.4,7740.15
2014-08-14,7762.0,7811.8,7748.0,7799.95
2014-08-18,7790.15,7886.9,7772.6,7872.25
2014-08-19,7896.95,7923.65,7888.5,7907.05
2014-08-20,7909.0,7915.5,7881.15,7882.65
2014-08-21,7886.9,7937.05,7867.55,7905.25
2014-08-22,7912.2,7939.8,7906.3,7936.0
2014-08-25,7926.0,7979.0,7906.3,7913.85
2014-08-26,7895.0,7918.0,7871.55,7908.8
2014-08-27,7930.0,7948.05,7911.15,7943.9
2014-08-28,7952.0,7967.15,7935.25,7955.05
2014-09-01,8021.2,8075.0,8016.35,8072.0
2014-09-02,8054.25,8139.0,8054.25,8125.9
2014-09-03,8140.0,8173.9,8118.0,8143.1
2014-09-04,8125.15,8138.85,8092.2,8137.45
2014-09-05,8132.6,8150.25,8072.1,8112.5
2014-09-08,8141.25,8197.55,8138.05,8192.0
2014-09-09,8200.0,8200.0,8158.0,8184.0
2014-09-10,8155.15,8157.0,8107.25,8137.1
2014-09-11,8135.25,8148.6,8072.25,8117.95
2014-09-12,8111.05,8148.0,8096.1,8140.0
2014-09-15,8100.15,8100.15,8048.5,8058.4
2014-09-16,8051.25,8056.5,7952.5,7957.2
2014-09-17,7994.9,8010.5,7962.5,7992.1
2014-09-18,7964.7,8143.75,7956.0,8133.9
2014-09-19,8135.0,8166.4,8111.2,8129.35
2014-09-22,8084.0,8176.95,8067.9,8153.1
2014-09-23,8143.7,8164.3,8025.1,8031.55
2014-09-24,8024.0,8049.8,7959.2,8015.7
2014-09-25,8022.4,8024.3,7884.0,7911.0
2014-09-26,7956.0,8057.6,7897.4,8032.05
2014-09-29,8015.0,8038.5,7970.0,8008.0
2014-09-30,7981.0,8084.0,7962.5,7989.85
2014-10-01,7990.0,8015.0,7971.45,7982.3
2014-10-07,7929.95,7970.0,7883.25,7892.0
2014-10-08,7870.0,7919.0,7855.0,7896.3
2014-10-09,7936.0,8008.55,7922.3,7984.2
2014-10-10,7927.0,7948.0,7870.2,7892.55
2014-10-13,7835.0,7929.9,7817.35,7911.25
2014-10-14,7952.0,7952.0,7845.55,7903.0
2014-10-16,7869.95,7919.2,7757.1,7762.0
2014-10-17,7804.0,7872.65,7752.2,7814.0
2014-10-20,7920.0,7940.15,7882.05,7893.6
2014-10-21,7915.5,7959.0,7890.65,7947.85
2014-10-22,8010.1,8022.55,7992.1,8021.0
2014-10-27,8061.5,8061.5,7993.0,7994.2
2014-10-28,8010.05,8051.4,8003.1,8040.75
2014-10-29,8081.25,8095.0,8057.0,8091.45
2014-10-30,8082.75,8172.25,8082.7,8168.55
2014-10-31,8234.95,8358.3,8224.95,8356.0
2014-11-03,8374.9,8388.7,8346.7,8359.0
2014-11-05,8383.0,8412.85,8364.05,8388.0
2014-11-07,8385.0,8395.0,8325.9,8392.45
2014-11-10,8398.0,8416.55,8337.3,8385.0
2014-11-11,8393.0,8407.45,8352.65,8398.8
2014-11-12,8409.65,8447.9,8402.0,8412.5
2014-11-13,8430.5,8431.0,8350.05,8384.0
2014-11-14,8388.0,8428.8,8368.25,8414.75
2014-11-17,8406.3,8464.9,8371.0,8452.45
2014-11-18,8451.0,8469.4,8432.1,8454.4
2014-11-19,8465.45,8469.9,8386.0,8412.5
2014-11-20,8420.15,8428.9,8371.1,8423.4
2014-11-21,8420.5,8512.9,8412.0,8488.0
2014-11-24,8528.65,8539.9,8505.7,8537.35
2014-11-25,8539.0,8540.0,8437.05,8472.5
2014-11-26,8460.05,8513.4,8443.9,8476.4
2014-11-27,8484.0,8499.0,8456.8,8495.55
2014-11-28,8576.1,8668.0,8575.0,8632.0
2014-12-01,8630.0,8659.95,8588.6,8598.0
2014-12-02,8583.95,8601.75,8540.0,8574.0
2014-12-03,8574.95,8594.0,8545.0,8582.0
2014-12-04,8619.75,8628.85,8560.7,8605.4
2014-12-05,8619.8,8622.0,8567.9,8570.75
2014-12-08,8575.0,8589.0,8483.25,8485.15
2014-12-09,8459.0,8477.5,8383.0,8394.35
2014-12-10,8368.8,8429.9,8367.7,8407.75
2014-12-11,8370.0,8394.4,8316.0,8347.0
2014-12-12,8346.95,8363.0,8266.9,8276.7
2014-12-15,8232.0,8288.0,8230.05,8274.55
2014-12-16,8218.8,8227.95,8101.1,8117.5
2014-12-17,8095.15,8120.0,8007.85,8053.95
2014-12-18,8145.0,8196.7,8103.9,8178.6
2014-12-19,8237.0,8277.0,8226.0,8233.0
2014-12-22,8261.0,8345.5,8237.35,8340.55
2014-12-23,8335.0,8370.95,8256.75,8266.9
2014-12-24,8275.0,8286.8,8165.1,8173.55
2014-12-26,8274.9,8319.0,8212.5,8269.0
2014-12-29,8285.0,8356.85,8285.0,8314.0
2014-12-30,8324.0,8331.5,8281.75,8325.55
2014-12-31,8326.6,8356.35,8313.25,8331.95
2015-01-01,8320.0,8356.0,8295.2,8347.05
2015-01-02,8352.25,8470.9,8352.25,8468.0
2015-01-05,8452.35,8492.0,8406.0,8424.0
2015-01-06,8422.0,8422.0,8000.0,8148.55
2015-01-07,8150.0,8184.0,8096.0,8154.0
2015-01-08,8209.0,8274.9,8193.1,8255.1
2015-01-09,8306.35,8334.0,8205.0,8311.6
2015-01-12,8304.0,8368.0,8271.35,8362.5
2015-01-13,8385.0,8388.9,8279.45,8329.85
2015-01-14,8337.5,8348.15,8244.0,8319.95
2015-01-15,8470.0,8564.15,8427.6,8490.0
2015-01-16,8500.0,8554.9,8473.2,8535.85
2015-01-19,8566.25,8588.0,8543.0,8579.0
2015-01-20,8591.25,8731.0,8591.25,8712.0
2015-01-21,8741.15,8760.0,8707.45,8741.5
2015-01-22,8766.0,8790.0,8750.1,8784.0
2015-01-23,8849.4,8875.85,8810.5,8835.5
2015-01-27,8870.0,8938.8,8837.55,8917.5
2015-01-28,8908.7,8994.0,8868.5,8905.2
2015-01-29,8891.0,8963.85,8862.3,8953.4
2015-01-30,9005.0,9029.5,8827.4,8888.0
2015-02-02,8849.7,8925.0,8805.45,8857.75
2015-02-03,8895.0,8908.8,8780.0,8806.95
2015-02-04,8846.1,8854.0,8755.0,8757.0
2015-02-05,8764.9,8891.9,8718.25,8738.95
2015-02-06,8738.0,8763.85,8695.5,8716.05
2015-02-09,8639.95,8644.0,8553.25,8558.0
2015-02-10,8499.95,8683.5,8498.1,8623.9
2015-02-11,8655.15,8698.0,8610.75,8683.95
2015-02-12,8720.0,8770.0,8626.0,8769.25
2015-02-13,8785.0,8870.65,8762.7,8847.6
2015-02-16,8868.65,8904.95,8829.1,8846.0
2015-02-18,8848.0,8927.7,8837.55,8886.75
2015-02-19,8900.0,8939.0,8802.55,8927.8
2015-02-20,8905.25,8920.0,8830.2,8846.2
2015-02-23,8945.0,8945.0,8735.2,8742.0
2015-02-24,8760.0,8814.0,8726.0,8773.0
2015-02-25,8825.0,8847.9,8750.1,8767.85
2015-02-26,8781.1,8781.1,8671.15,8683.9
2015-02-27,8769.0,8900.0,8752.3,8896.6
2015-02-28,8960.55,8993.25,8791.0,8986.0
2015-03-02,9025.15,9033.0,8944.1,9004.7
2015-03-03,9000.0,9063.7,8971.0,9055.65
2015-03-04,9148.0,9191.0,8926.0,8952.8
2015-03-05,8957.1,9012.4,8882.0,8986.0
2015-03-09,8855.25,8934.7,8768.3,8769.05
2015-03-10,8785.05,8815.2,8712.8,8768.0
2015-03-11,8760.0,8809.9,8727.0,8756.45
2015-03-12,8800.05,8824.4,8772.15,8808.85
2015-03-13,8873.9,8873.9,8652.15,8690.0
2015-03-16,8670.0,8694.0,8640.05,8670.0
2015-03-17,8714.9,8764.9,8645.15,8738.8
2015-03-18,8775.0,8775.0,8686.8,8699.0
2015-03-19,8765.5,8815.0,8612.15,8629.0
2015-03-20,8630.05,8647.0,8578.3,8615.0
2015-03-23,8619.95,8625.0,8552.75,8570.75
2015-03-24,8551.25,8653.35,8548.0,8578.65
2015-03-25,8580.1,8587.7,8522.45,8526.4
2015-03-26,8489.0,8499.9,8328.75,8342.45
2015-03-27,8465.25,8484.85,8357.0,8436.0
2015-03-30,8474.75,8570.0,8452.35,8569.8
2015-03-31,8582.35,8605.05,8498.25,8532.55
2015-04-01,8531.1,8645.55,8512.0,8634.0
2015-04-06,8662.35,8696.9,8607.0,8690.9
2015-04-07,8711.65,8733.0,8616.9,8731.7
2015-04-08,8749.6,8778.65,8716.1,8767.4
2015-04-09,8797.9,8820.0,8716.25,8808.8
2015-04-10,8801.2,8823.0,8771.0,8805.0
2015-04-13,8820.05,8872.2,8790.3,8856.5
2015-04-15,8847.9,8873.65,8757.8,8770.0
2015-04-16,8780.0,8788.0,8671.5,8711.0
2015-04-17,8704.7,8724.95,8627.0,8636.7
2015-04-20,8638.0,8643.0,8446.35,8468.65
2015-04-21,8439.9,8501.0,8376.0,8424.0
2015-04-22,8428.9,8483.95,8298.3,8467.8
2015-04-23,8500.0,8529.95,8364.5,8399.0
2015-04-24,8406.95,8409.0,8280.9,8339.5
2015-04-27,8340.1,8347.9,8211.0,8212.3
2015-04-28,8210.0,8324.05,8193.0,8278.45
2015-04-29,8222.3,8319.3,8220.1,8235.0
2015-04-30,8214.95,8225.0,8136.8,8183.25
2015-05-04,8252.1,8387.7,8250.2,8381.4
2015-05-05,8350.1,8397.5,8309.15,8364.8
2015-05-06,8344.7,8345.05,8111.3,8122.0
2015-05-07,8087.7,8148.7,8020.55,8074.25
2015-05-08,8144.7,8247.0,8134.7,8217.9
2015-05-11,8256.35,8356.85,8242.6,8337.6
2015-05-12,8329.0,8332.0,8118.9,8130.0
2015-05-13,8180.0,8279.9,8096.05,8256.1
2015-05-14,8245.1,8255.0,8143.0,8238.6
2015-05-15,8255.55,8296.0,8215.0,8259.0
2015-05-18,8283.0,8384.95,8265.25,8378.6
2015-05-19,8301.2,8437.0,8264.7,8359.45
2015-05-20,8387.65,8449.75,8376.3,8414.0
2015-05-21,8436.35,8444.0,8380.55,8418.35
2015-05-22,8401.15,8488.6,8401.15,8445.85
2015-05-25,8439.8,8443.0,8351.15,8362.9
2015-05-26,8371.95,8371.95,8310.25,8352.0
2015-05-27,8294.0,8344.95,8272.4,8339.7
2015-05-28,8348.0,8365.5,8260.1,8319.9
2015-05-29,8324.0,8472.0,8308.5,8468.9
2015-08-03,8562.5,8590.0,8551.7,8561.95
2015-08-04,8565.15,8575.55,8450.0,8544.2
2015-08-05,8577.9,8618.0,8568.0,8595.0
2015-08-06,8581.1,8641.05,8566.5,8613.9
2015-08-07,8593.05,8619.0,8575.2,8599.0
2015-08-10,8583.15,8647.9,8503.0,8521.3
2015-08-11,8529.0,8546.0,8461.5,8494.0
2015-08-12,8431.4,8457.0,8355.0,8368.2
2015-08-13,8419.9,8445.0,8357.0,8404.05
2015-08-14,8417.85,8553.0,8402.1,8545.2
2015-08-17,8524.0,8540.55,8411.0,8485.0
2015-08-18,8515.0,8531.95,8437.25,8480.0
2015-08-19,8453.0,8534.65,8426.75,8508.8
2015-08-20,8467.2,8506.35,8358.4,8388.0
2015-08-21,8240.0,8324.9,8222.0,8287.9
2015-08-24,8027.05,8067.95,7771.0,7802.1
2015-08-25,7913.95,7926.25,7665.0,7907.0
2015-08-26,7815.5,7939.0,7785.1,7787.3
2015-08-27,7881.2,7963.25,7856.15,7950.2
2015-08-28,8079.25,8116.95,7983.15,8014.85
2015-08-31,7978.95,8068.4,7961.0,8001.1
2015-09-01,7921.65,7946.5,7751.4,7792.0
2015-09-02,7837.7,7863.0,7721.3,7752.0
2015-09-03,7794.9,7869.45,7759.0,7847.1
2015-09-04,7799.7,7800.0,7632.2,7661.5
2015-09-07,7677.75,7725.7,7560.1,7562.6
2015-09-08,7592.0,7752.9,7558.1,7734.0
2015-09-09,7838.0,7865.0,7783.1,7815.5
2015-09-10,7735.0,7838.0,7690.05,7832.0
2015-09-11,7842.2,7878.0,7760.0,7785.0
2015-09-14,7798.7,7888.8,7765.5,7869.0
2015-09-15,7869.0,7887.9,7801.0,7822.0
2015-09-16,7897.0,7919.0,7852.45,7897.65
2015-09-18,7965.0,8059.0,7954.4,7965.0
2015-09-21,7912.5,7992.0,7902.0,7985.95
2015-09-22,8011.35,8013.9,7776.4,7779.0
2015-09-23,7718.0,7889.0,7713.95,7861.0
2015-09-24,7826.5,7896.0,7797.15,7869.75
2015-09-28,7890.15,7929.8,7817.8,7831.65
2015-09-29,7720.0,7969.9,7705.0,7858.0
2015-09-30,7929.0,7989.8,7894.0,7986.0
2015-10-01,8034.0,8037.0,7952.1,7975.0
2015-10-05,8034.95,8145.0,8030.55,8144.6
2015-10-06,8190.2,8190.2,8105.05,8162.0
2015-10-07,8163.0,8204.7,8142.15,8199.5
2015-10-08,8199.0,8199.0,8127.35,8158.0
2015-10-09,8207.7,8248.9,8152.55,8195.25
2015-10-12,8226.65,8247.0,8136.5,8155.0
2015-10-13,8146.6,8162.45,8093.6,8130.35
2015-10-14,8110.0,8148.0,8107.15,8121.0
2015-10-15,8164.0,8206.9,8141.0,8190.05
2015-10-16,8191.55,8266.85,8151.0,8263.0
2015-10-19,8260.0,8282.6,8242.25,8274.95
2015-10-20,8273.55,8286.85,8226.1,8254.5
2015-10-21,8254.9,8298.0,8215.5,8261.0
2015-10-23,8321.55,8339.95,8286.2,8308.05
2015-10-26,8400.0,8723.85,8257.1,8261.0
2015-10-27,8237.0,8254.7,8225.0,8240.0
2015-10-28,8204.0,8225.0,8140.75,8186.0
2015-10-29,8166.0,8168.95,8106.4,8111.4
2015-10-30,8142.05,8182.0,8066.2,8083.5
2015-11-02,8073.0,8088.0,8022.25,8075.25
2015-11-03,8105.15,8129.7,8055.7,8075.0
2015-11-04,8132.55,8145.0,8057.65,8063.05
2015-11-05,8053.2,8055.0,7975.1,7980.0
2015-11-06,7985.05,8026.0,7946.95,7985.0
2015-11-09,7820.0,7954.9,7790.0,7937.0
2015-11-10,7895.35,7908.0,7791.15,7800.0
2015-11-13,7765.9,7797.4,7742.55,7770.0
2015-11-16,7738.0,7857.7,7725.75,7826.0
2015-11-17,7858.9,7880.65,7801.1,7851.0
2015-11-18,7838.35,7854.95,7725.0,7728.0
2015-11-19,7791.1,7871.3,7771.0,7859.9
2015-11-20,7854.0,7924.0,7822.0,7850.95
2015-11-23,7872.85,7879.65,7822.2,7854.0
2015-11-24,7826.0,7875.2,7806.4,7832.55
2015-11-26,7838.55,7898.9,7838.55,7884.05
2015-11-27,7929.05,7985.0,7914.0,7975.35
2015-11-30,7954.5,7994.5,7952.4,7982.0
2015-12-01,7991.15,8005.8,7961.0,7989.4
2015-12-02,8003.0,8003.0,7935.2,7959.0
2015-12-03,7929.0,7949.0,7878.55,7890.3
2015-12-04,7835.0,7856.85,7810.05,7829.35
2015-12-07,7860.2,7860.2,7790.25,7811.65
2015-12-08,7772.0,7803.6,7711.55,7715.55
2015-12-09,7707.35,7728.0,7627.2,7649.0
2015-12-10,7667.65,7722.0,7640.05,7708.9
2015-12-11,7712.0,7719.9,7586.25,7628.0
2015-12-14,7579.35,7695.85,7579.35,7671.0
2015-12-15,7663.15,7717.0,7636.0,7706.0
2015-12-16,7740.0,7789.25,7729.5,7768.5
2015-12-17,7805.0,7864.0,7745.4,7855.75
2015-12-18,7828.0,7849.4,7780.3,7785.85
2015-12-21,7774.5,7854.85,7763.65,7838.1
2015-12-22,7836.0,7859.0,7770.75,7785.0
2015-12-23,7822.25,7879.0,7822.25,7862.0
2015-12-24,7884.9,7887.0,7828.2,7874.0
2015-12-28,7865.15,7921.0,7862.25,7905.0
2015-12-29,7922.0,7939.0,7897.0,7938.05
2015-12-30,7941.15,7941.15,7892.85,7904.55
2015-12-31,7904.5,7948.9,7891.15,7946.8
2016-01-01,7942.0,7994.0,7922.5,7983.0
2016-01-04,7934.9,7947.75,7792.6,7808.85
2016-01-05,7831.0,7839.0,7781.0,7793.9
2016-01-06,7789.0,7824.5,7730.3,7744.9
2016-01-07,7678.0,7687.9,7570.4,7575.0
2016-01-08,7615.0,7644.0,7593.1,7607.75
2016-01-11,7542.7,7619.0,7505.4,7594.0
2016-01-12,7599.9,7600.0,7501.3,7536.95
2016-01-13,7575.0,7603.4,7428.0,7572.0
2016-01-14,7475.0,7617.1,7454.35,7541.0
2016-01-15,7545.5,7560.4,7432.6,7444.25
2016-01-18,7456.25,7468.5,7354.85,7368.0
2016-01-19,7394.7,7474.55,7376.55,7439.1
2016-01-20,7358.0,7360.0,7233.8,7319.85
2016-01-21,7364.1,7401.1,7253.1,7296.6
2016-01-22,7350.0,7438.8,7334.6,7434.0
2016-01-25,7471.1,7484.0,7412.0,7434.85
2016-01-27,7434.0,7473.0,7415.0,7430.95
2016-01-28,7431.0,7465.0,7411.0,7424.9
2016-01-29,7414.45,7580.0,7404.6,7564.85
2016-02-01,7593.5,7606.8,7551.0,7558.95
2016-02-02,7566.2,7594.45,7448.0,7460.0
2016-02-03,7408.0,7433.0,7375.0,7382.0
2016-02-04,7421.1,7478.7,7377.5,7434.0
2016-02-05,7431.25,7529.0,7425.55,7527.7
2016-02-08,7495.0,7534.5,7369.6,7378.15
2016-02-09,7305.0,7353.9,7295.55,7330.0
2016-02-10,7268.0,7293.35,7194.1,7252.9
2016-02-11,7205.0,7214.95,6970.2,6981.85
2016-02-12,7030.0,7043.0,6875.55,6981.2
2016-02-15,7064.75,7194.8,7059.0,7158.0
2016-02-16,7202.25,7208.5,7042.5,7050.0
2016-02-17,7059.75,7134.3,6967.3,7132.0
2016-02-18,7186.1,7225.0,7126.5,7181.7
2016-02-19,7174.5,7236.9,7151.0,7204.0
2016-02-22,7221.0,7257.7,7211.1,7238.0
2016-02-23,7237.75,7237.75,7096.5,7109.0
2016-02-24,7135.75,7135.75,7008.3,7024.45
2016-02-25,7015.0,7030.0,6961.3,6970.25
2016-02-26,7061.15,7087.0,7006.1,7061.55
2016-02-29,7052.55,7127.95,6833.65,7014.1
2016-03-01,7051.25,7240.5,7046.15,7236.3
2016-03-02,7328.0,7370.0,7302.75,7367.0
2016-03-03,7401.1,7461.5,7365.2,7447.95
2016-03-04,7469.9,7480.0,7405.05,7475.85
2016-03-08,7473.2,7498.0,7414.0,7453.05
2016-03-09,7433.25,7540.0,7407.55,7537.35
2016-03-10,7583.4,7583.4,7435.25,7485.3
2016-03-11,7485.1,7544.0,7447.0,7520.0
2016-03-14,7550.0,7594.0,7528.05,7543.8
2016-03-15,7545.0,7555.95,7470.2,7484.0
2016-03-16,7485.2,7536.0,7430.0,7534.85
2016-03-17,7588.0,7601.95,7487.1,7493.45
2016-03-18,7536.0,7615.0,7527.15,7606.0
2016-03-21,7623.5,7723.2,7615.2,7716.85
2016-03-22,7705.25,7737.0,7657.2,7729.2
2016-03-23,7696.65,7746.55,7678.2,7728.25
2016-03-28,7715.25,7730.45,7611.5,7659.6
2016-03-29,7629.0,7674.9,7597.5,7613.5
2016-03-30,7674.45,7749.0,7651.1,7742.0
2016-03-31,7734.95,7778.95,7718.3,7739.25
2016-04-01,7754.85,7772.6,7704.1,7751.95
2016-04-04,7778.0,7809.9,7737.0,7791.1
2016-04-05,7735.0,7759.5,7609.95,7613.05
2016-04-06,7645.2,7653.8,7603.45,7640.0
2016-04-07,7629.0,7634.8,7555.0,7568.55
2016-04-08,7540.0,7595.85,7540.0,7583.0
2016-04-11,7580.25,7712.85,7533.0,7696.95
2016-04-12,7694.0,7738.0,7685.4,7730.65
2016-04-13,7792.5,7893.45,7791.1,7860.0
2016-04-18,7904.5,7927.7,7851.6,7918.15
2016-04-20,7945.1,7959.75,7891.95,7936.0
2016-04-21,7972.2,7984.5,7885.1,7907.0
2016-04-22,7895.0,7941.9,7881.45,7915.6
2016-04-25,7905.0,7908.8,7831.1,7877.2
2016-04-26,7834.5,7992.45,7832.7,7971.0
2016-04-27,7952.3,7997.95,7949.5,7990.8
2016-04-28,7970.5,8000.0,7843.0,7846.8
2016-04-29,7887.0,7950.0,7831.1,7899.0
2016-05-02,7858.2,7874.45,7805.1,7841.0
2016-05-03,7848.75,7949.95,7770.1,7780.0
2016-05-04,7755.0,7789.0,7725.0,7733.0
2016-05-05,7741.0,7817.5,7733.0,7772.1
2016-05-06,7733.7,7770.6,7700.95,7764.1
2016-05-09,7794.9,7910.0,7775.0,7909.0
2016-05-10,7894.0,7933.55,7867.15,7923.4
2016-05-11,7810.35,7909.9,7798.2,7869.0
2016-05-12,7886.0,7939.4,7860.4,7932.0
2016-05-13,7891.2,7891.8,7787.3,7831.85
2016-05-16,7840.0,7898.1,7780.1,7886.5
2016-05-17,7920.0,7957.8,7896.0,7906.1
2016-05-18,7856.75,7927.0,7811.4,7882.1
2016-05-19,7864.95,7872.55,7775.25,7778.15
2016-05-20,7790.3,7828.0,7753.35,7766.0
2016-05-23,7782.55,7816.0,7736.65,7740.0
2016-05-24,7736.0,7769.5,7722.8,7762.05
2016-05-25,7802.65,7949.9,7802.65,7938.95
2016-05-26,7965.25,8074.65,7951.05,8070.45
2016-05-27,8091.1,8181.7,8087.1,8170.0
2016-05-30,8211.5,8222.75,8172.4,8188.5
2016-05-31,8225.0,8229.45,8156.3,8192.95
2016-06-01,8200.0,8224.9,8178.3,8196.0
2016-06-02,8187.75,8254.0,8161.35,8240.0
2016-06-03,8261.1,8276.95,8226.05,8233.05
2016-06-06,8248.0,8256.65,8205.8,8230.9
2016-06-07,8266.0,8318.9,8230.05,8284.0
2016-06-08,8290.05,8299.0,8262.05,8283.5
2016-06-09,8285.1,8291.0,8200.05,8226.65
2016-06-10,8202.2,8299.0,8171.1,8195.1
2016-06-13,8124.0,8147.0,8082.2,8131.0
2016-06-14,8130.55,8138.45,8076.0,8121.8
2016-06-15,8105.1,8232.4,8105.1,8217.35
2016-06-16,8185.35,8194.0,8085.0,8154.8
2016-06-17,8200.0,8221.2,8151.3,8163.15
2016-06-20,8106.0,8262.0,8106.0,8252.85
2016-06-21,8251.15,8253.0,8205.8,8221.75
2016-06-22,8226.85,8253.25,8154.0,8202.0
2016-06-23,8206.1,8307.15,8190.15,8289.0
2016-06-24,8125.0,8125.0,7927.1,8075.6
2016-06-27,8050.1,8130.0,8048.0,8104.0
2016-06-28,8090.0,8158.9,8085.0,8135.0
2016-06-29,8162.5,8214.8,8155.75,8203.95
2016-06-30,8255.0,8310.0,8238.2,8288.45
2016-07-01,8310.0,8378.0,8310.0,8358.8
2016-07-04,8385.1,8415.0,8376.0,8388.0
2016-07-05,8381.0,8382.5,8342.0,8352.0
2016-07-07,8347.7,8392.0,8330.05,8368.75
2016-07-08,8350.0,8353.0,8295.05,8342.5
2016-07-11,8432.75,8496.0,8422.35,8491.0
2016-07-12,8512.1,8534.55,8492.0,8527.95
2016-07-13,8539.95,8545.0,8501.1,8514.15
2016-07-14,8521.0,8584.0,8509.55,8583.0
2016-07-15,8589.9,8605.0,8525.0,8557.65
2016-07-18,8571.5,8604.0,8510.0,8511.0
2016-07-19,8525.0,8555.0,8485.6,8553.0
2016-07-20,8549.9,8591.65,8542.5,8591.0
2016-07-21,8888.0,8888.0,8511.7,8519.0
2016-07-22,8527.15,8563.9,8500.5,8552.1
2016-07-25,8545.0,8645.6,8530.75,8637.9
2016-07-26,8602.1,8652.05,8576.55,8585.0
2016-07-27,8602.1,8667.5,8566.05,8609.0
2016-07-28,8625.5,8667.9,8615.05,8666.9
2016-07-29,8708.0,8744.7,8668.5,8691.9
2016-08-01,8702.2,8747.0,8624.45,8689.25
2016-08-02,8676.0,8736.05,8638.0,8663.95
2016-08-03,8641.0,8649.25,8568.0,8575.0
2016-08-04,8625.25,8631.0,8547.6,8604.0
2016-08-05,8632.65,8717.0,8631.6,8705.95
2016-08-08,8748.5,8760.0,8726.45,8728.0
2016-08-09,8739.8,8751.7,8661.7,8698.55
2016-08-10,8717.15,8724.0,8590.0,8594.0
2016-08-11,8595.0,8630.0,8565.0,8621.35
2016-08-12,8614.0,8702.5,8613.95,8672.0
2016-08-16,8695.35,8706.25,8601.0,8658.5
2016-08-17,8650.25,8689.55,8610.5,8631.1
2016-08-18,8655.2,8713.95,8655.2,8679.05
2016-08-19,8692.4,8703.0,8650.0,8682.0
2016-08-22,8680.5,8693.8,8616.0,8631.4
2016-08-23,8621.25,8655.0,8591.25,8654.9
2016-08-24,8640.25,8682.95,8617.1,8654.5
2016-08-25,8679.95,8685.0,8585.95,8592.95
2016-08-26,8645.05,8664.95,8596.2,8629.6
2016-08-29,8609.9,8669.8,8578.0,8660.0
2016-08-30,8680.0,8804.45,8668.0,8802.35
2016-08-31,8791.0,8863.7,8789.45,8839.15
2016-09-01,8833.5,8854.7,8790.95,8816.4
2016-09-02,8811.8,8847.1,8793.6,8843.9
2016-09-06,8891.0,8969.1,8886.25,8966.0
2016-09-07,8975.6,8989.5,8942.1,8957.7
2016-09-08,8953.1,8994.5,8933.8,8975.95
2016-09-09,8962.0,8962.0,8890.5,8903.0
2016-09-12,8805.25,8805.25,8727.0,8746.6
2016-09-14,8736.3,8779.8,8717.3,8777.75
2016-09-15,8764.1,8784.0,8728.0,8782.25
2016-09-16,8808.0,8878.8,8769.5,8809.0
2016-09-19,8811.9,8848.4,8798.85,8830.0
2016-09-20,8806.65,8820.0,8786.1,8804.0
2016-09-21,8814.0,8856.6,8784.9,8807.85
2016-09-22,8880.25,8918.0,8861.05,8878.45
2016-09-23,8885.25,8889.35,8830.1,8832.8
2016-09-26,8813.8,8821.6,8726.7,8733.9
2016-09-27,8765.0,8776.35,8697.9,8729.5
2016-09-28,8710.0,8783.9,8706.0,8759.1
2016-09-29,8801.25,8801.95,8562.05,8591.4
2016-09-30,8607.8,8669.35,8593.3,8650.45
2016-10-03,8682.0,8788.0,8656.25,8786.5
2016-10-04,8790.1,8820.0,8765.0,8804.3
2016-10-05,8815.2,8837.75,8750.0,8768.0
2016-10-06,8797.0,8815.0,8711.0,8737.0
2016-10-07,8737.2,8747.75,8691.3,8720.0
2016-10-10,8746.4,8775.9,8732.15,8744.9
2016-10-13,8677.75,8677.75,8551.0,8581.8
2016-10-14,8590.0,8613.85,8565.05,8613.2
2016-10-17,8608.0,8612.0,8507.35,8530.3
2016-10-18,8561.0,8687.0,8560.05,8675.0
2016-10-19,8690.0,8696.5,8640.5,8661.9
2016-10-20,8695.25,8728.2,8675.75,8709.0
2016-10-21,8700.0,8710.3,8655.0,8704.85
2016-10-24,8718.0,8748.0,8690.1,8721.6
2016-10-25,8715.6,8715.6,8661.0,8703.0
2016-10-26,8662.25,8669.0,8585.55,8611.5
2016-10-27,8587.35,8623.55,8546.85,8616.3
2016-10-28,8626.0,8682.0,8605.0,8670.0
2016-11-01,8639.0,8704.6,8633.25,8650.0
2016-11-02,8568.0,8579.0,8531.3,8549.4
2016-11-03,8519.0,8565.95,8505.35,8519.4
2016-11-04,8496.55,8530.0,8425.55,8458.0
2016-11-07,8519.0,8560.0,8503.5,8507.05
2016-11-08,8542.25,8589.0,8507.5,8564.0
2016-11-09,8102.25,8493.5,8076.0,8479.0
2016-11-10,8515.55,8614.0,8515.55,8543.85
2016-11-11,8430.0,8475.5,8315.85,8335.95
2016-11-15,8279.0,8287.75,8124.0,8126.35
2016-11-16,8205.15,8225.0,8095.25,8100.1
2016-11-17,8075.25,8168.0,8040.1,8100.0
2016-11-18,8097.85,8139.0,8055.4,8070.0
2016-11-21,8100.0,8109.0,7921.0,7958.85
2016-11-22,7996.35,8022.0,7940.0,8017.5
2016-11-23,8050.05,8058.0,7972.2,8015.0
2016-11-24,7987.0,8018.65,7947.25,7965.0
2016-11-25,8033.95,8138.7,8006.0,8118.6
2016-11-28,8088.25,8168.45,8078.25,8143.35
2016-11-29,8155.0,8219.9,8147.0,8176.0
2016-11-30,8186.55,8270.75,8166.4,8253.6
2016-12-01,8259.0,8272.5,8205.05,8209.95
2016-12-02,8164.8,8190.0,8092.0,8109.5
2016-12-05,8092.1,8175.0,8076.1,8173.0
2016-12-06,8173.0,8219.0,8157.1,8165.0
2016-12-07,8188.25,8218.8,8095.0,8136.0
2016-12-08,8176.0,8267.75,8176.0,8252.7
2016-12-09,8275.15,8294.0,8255.65,8276.75
2016-12-12,8250.0,8250.9,8164.05,8183.0
2016-12-13,8189.95,8243.85,8172.3,8223.0
2016-12-14,8229.0,8229.0,8172.0,8203.0
2016-12-15,8129.0,8264.0,8123.6,8177.0
2016-12-16,8189.0,8189.0,8135.0,8145.9
2016-12-19,8132.25,8148.7,8112.55,8127.55
2016-12-20,8125.0,8134.4,8072.0,8108.0
2016-12-21,8120.5,8124.5,8073.05,8077.5
2016-12-22,8054.1,8066.95,7975.15,8005.25
2016-12-23,7975.0,8037.35,7953.0,8000.55
2016-12-26,7970.0,7970.0,7896.35,7917.7
2016-12-27,7920.0,8045.45,7906.6,8025.75
2016-12-28,8044.0,8100.0,8024.0,8033.1
2016-12-29,8028.0,8109.0,8025.0,8104.85
2016-12-30,8136.6,8207.1,8130.0,8187.0
2017-01-02,8215.05,8218.8,8151.0,8190.05
2017-01-03,8200.0,8228.0,8159.0,8189.65
2017-01-04,8202.25,8223.4,8187.3,8207.0
2017-01-05,8254.7,8298.7,8236.15,8288.0
2017-01-06,8305.55,8329.6,8256.5,8269.5
2017-01-09,8266.0,8272.4,8241.1,8253.85
2017-01-10,8274.8,8298.75,8260.0,8296.1
2017-01-11,8335.0,8399.8,8324.0,8385.65
2017-01-12,8403.2,8424.0,8386.05,8422.0
2017-01-13,8454.9,8457.0,8388.2,8418.45
2017-01-16,8404.0,8444.0,8385.05,8436.0
2017-01-17,8433.9,8448.0,8392.5,8402.1
2017-01-18,8426.0,8468.95,8406.05,8430.0
2017-01-19,8422.0,8454.0,8409.0,8438.95
2017-01-20,8400.0,8434.0,8352.2,8363.0
2017-01-23,8350.0,8418.0,8333.4,8410.95
2017-01-24,8421.4,8488.0,8416.0,8487.0
2017-01-25,8504.9,8606.4,8496.3,8604.2
2017-01-27,8649.95,8698.15,8641.1,8672.45
2017-01-30,8645.0,8681.95,8636.35,8658.9
2017-01-31,8639.8,8639.8,8576.25,8586.0
2017-02-01,8600.15,8747.45,8555.0,8737.9
2017-02-02,8730.0,8773.8,8697.3,8731.6
2017-02-03,8744.95,8763.9,8725.25,8757.0
2017-02-06,8808.0,8834.4,8781.8,8815.0
2017-02-07,8800.45,8811.9,8758.7,8790.0
2017-02-08,8785.6,8813.95,8732.5,8803.7
2017-02-09,8816.3,8843.8,8733.0,8805.05
2017-02-10,8829.9,8839.9,8786.55,8808.0
2017-02-13,8836.65,8846.0,8765.5,8814.4
2017-02-14,8824.0,8830.0,8786.1,8805.15
2017-02-15,8826.1,8827.2,8727.0,8750.0
2017-02-16,8760.0,8796.15,8734.0,8785.55
2017-02-17,8869.75,8872.45,8800.1,8826.0
2017-02-20,8828.2,8881.3,8810.0,8878.75
2017-02-21,8880.05,8924.5,8858.85,8907.0
2017-02-22,8918.95,8957.6,8901.55,8920.1
2017-02-23,8934.25,8982.9,8925.95,8940.0
2017-02-27,8939.95,8957.1,8909.0,8919.5
2017-02-28,8921.5,8938.45,8884.15,8914.1
2017-03-01,8924.0,8994.0,8921.7,8970.25
2017-03-02,9001.0,9018.3,8898.25,8912.5
2017-03-03,8884.0,8933.0,8872.7,8930.0
2017-03-06,8935.0,8985.0,8928.45,8978.1
2017-03-07,8986.9,8988.9,8960.05,8973.05
2017-03-08,8974.0,8980.0,8907.65,8954.5
2017-03-09,8923.0,8977.8,8912.65,8956.0
2017-03-10,8975.0,9002.9,8916.4,8954.85
2017-03-14,9145.0,9158.0,9077.6,9097.8
2017-03-15,9116.2,9130.0,9101.5,9105.0
2017-03-16,9156.0,9181.25,9152.1,9178.0
2017-03-17,9212.85,9212.85,9165.3,9168.0
2017-03-20,9164.95,9164.95,9142.0,9157.0
2017-03-21,9165.15,9171.85,9113.65,9154.45
2017-03-22,9081.0,9130.0,9045.0,9046.75
2017-03-23,9068.25,9121.4,9061.05,9104.85
2017-03-24,9117.85,9146.6,9099.5,9112.05
2017-03-27,9109.0,9111.05,9035.25,9067.35
2017-03-28,9095.15,9123.8,9085.4,9118.85
2017-03-29,9140.55,9151.4,9118.8,9151.0
2017-03-30,9150.35,9178.0,9140.05,9174.8
2017-03-31,9185.25,9208.4,9176.0,9198.9
2017-04-03,9221.65,9274.0,9203.5,9274.0
2017-04-05,9280.0,9294.85,9247.85,9282.05
2017-04-06,9254.8,9283.0,9231.0,9263.7
2017-04-07,9234.8,9269.75,9200.4,9217.0
2017-04-10,9225.6,9248.3,9194.0,9208.85
2017-04-11,9194.85,9269.95,9187.55,9267.6
2017-04-12,9251.9,9262.0,9170.1,9226.0
2017-04-13,9205.75,9222.0,9177.5,9179.95
2017-04-17,9172.25,9182.4,9142.25,9166.1
2017-04-18,9171.35,9246.65,9115.2,9116.9
2017-04-19,9119.95,9147.0,9096.55,9145.55
2017-04-20,9125.55,9170.0,9120.6,9163.0
2017-04-21,9207.55,9207.55,9090.5,9129.95
2017-04-24,9140.15,9234.5,9129.8,9225.0
2017-04-25,9264.8,9297.95,9244.15,9296.0
2017-04-26,9308.25,9357.45,9297.6,9344.0
2017-04-27,9344.7,9366.0,9325.0,9343.5
2017-04-28,9353.15,9358.7,9313.0,9330.9
2017-05-02,9337.0,9372.0,9281.0,9341.0
2017-05-03,9342.05,9366.0,9315.1,9337.0
2017-05-04,9358.25,9384.0,9332.8,9381.0
2017-05-05,9359.8,9359.8,9297.0,9315.7
2017-05-08,9336.1,9363.45,9322.15,9345.65
2017-05-09,9350.25,9372.65,9331.95,9350.6
2017-05-10,9359.35,9424.5,9357.95,9417.6
2017-05-11,9431.6,9464.0,9431.6,9437.0
2017-05-12,9428.25,9443.1,9389.05,9420.5
2017-05-15,9448.0,9457.8,9437.0,9456.9
2017-05-16,9462.2,9532.5,9458.0,9519.0
2017-05-17,9518.75,9537.75,9493.6,9534.0
2017-05-18,9476.05,9503.0,9433.3,9436.6
2017-05-19,9463.45,9512.4,9401.55,9455.5
2017-05-22,9480.0,9492.05,9426.9,9445.0
2017-05-23,9458.65,9464.0,9371.0,9388.45
2017-05-24,9401.25,9439.9,9340.0,9374.35
2017-05-25,9384.95,9517.9,9378.5,9511.9
2017-05-26,9490.1,9586.5,9475.0,9569.05
2017-05-29,9560.0,9639.85,9543.55,9608.95
2017-05-30,9590.25,9633.35,9582.4,9615.05
2017-05-31,9616.6,9641.7,9607.2,9629.0
2017-06-01,9626.0,9644.95,9595.95,9631.0
2017-06-02,9660.15,9672.0,9643.2,9644.45
2017-06-05,9655.15,9699.0,9653.0,9685.1
2017-06-06,9700.0,9704.0,9658.7,9666.15
2017-06-07,9672.1,9698.4,9650.65,9684.8
2017-06-08,9690.5,9705.0,9660.25,9670.0
2017-06-09,9668.85,9693.85,9619.95,9680.25
2017-06-12,9626.6,9642.5,9602.0,9621.0
2017-06-13,9637.6,9660.6,9608.25,9613.3
2017-06-14,9618.6,9647.0,9598.25,9638.15
2017-06-15,9618.55,9626.35,9584.25,9598.25
2017-06-16,9607.75,9626.9,9585.0,9590.0
2017-06-19,9626.0,9697.0,9625.5,9674.95
2017-06-20,9684.0,9689.6,9662.0,9676.5
2017-06-21,9644.9,9668.0,9615.8,9657.65
2017-06-22,9680.15,9716.0,9616.65,9631.35
2017-06-23,9639.95,9640.0,9574.2,9592.0
2017-06-27,9615.0,9616.9,9480.05,9515.0
2017-06-28,9503.35,9524.0,9472.0,9503.8
2017-06-29,9525.25,9584.9,9497.4,9506.0
2017-06-30,9493.25,9529.05,9451.5,9515.2
2017-07-03,9547.7,9634.65,9538.75,9627.0
2017-07-04,9623.4,9643.55,9595.1,9620.0
2017-07-05,9636.15,9651.0,9615.0,9647.5
2017-07-06,9653.0,9702.9,9642.55,9668.0
2017-07-07,9654.0,9682.05,9644.25,9668.0
2017-07-10,9700.15,9793.5,9688.25,9774.35
2017-07-11,9801.65,9829.0,9780.6,9792.0
2017-07-12,9802.0,9830.0,9786.2,9828.65
2017-07-13,9872.15,9892.9,9857.5,9885.2
2017-07-14,9907.0,9907.0,9858.1,9903.05
2017-07-17,9926.15,9942.95,9906.1,9933.85
2017-07-18,9873.2,9905.2,9832.0,9852.6
2017-07-19,9875.25,9925.0,9865.4,9923.0
2017-07-20,9927.75,9929.0,9866.3,9886.5
2017-07-21,9900.05,9919.75,9833.3,9910.1
2017-07-24,9924.9,9973.8,9914.15,9961.5
2017-07-25,9985.4,9994.85,9950.85,9974.05
2017-07-26,9975.25,10032.0,9964.2,10030.8
2017-07-27,10042.4,10117.9,10010.0,10022.4
2017-07-28,10011.5,10053.3,9990.0,10039.0
2017-07-31,10038.3,10114.2,10038.3,10102.8
2017-08-01,10115.0,10149.9,10105.0,10147.3
2017-08-02,10149.0,10149.0,10081.0,10081.0
2017-08-03,10081.1,10087.9,10024.0,10036.7
2017-08-04,10028.5,10124.0,10018.3,10109.7
2017-08-07,10099.0,10119.0,10079.5,10085.6
2017-08-08,10081.1,10104.9,9958.5,10003.9
2017-08-09,9977.75,9989.0,9912.2,9912.3
2017-08-10,9895.0,9919.9,9803.55,9875.5
2017-08-11,9776.75,9800.0,9710.1,9737.05
2017-08-14,9778.25,9837.8,9776.7,9809.0
2017-08-16,9829.4,9910.0,9778.2,9906.65
2017-08-17,9927.9,9940.0,9881.6,9913.5
2017-08-18,9869.0,9869.0,9794.2,9849.7
2017-08-21,9869.95,9884.0,9755.0,9765.0
2017-08-22,9810.5,9837.45,9769.8,9792.9
2017-08-23,9811.0,9874.25,9797.0,9859.1
2017-08-24,9872.0,9889.5,9852.15,9879.9
2017-08-28,9905.75,9939.35,9884.3,9915.0
2017-08-29,9879.0,9879.0,9782.7,9793.95
2017-08-30,9850.25,9918.8,9846.5,9881.0
2017-08-31,9871.0,9922.05,9855.2,9919.7
2017-09-01,9945.3,10017.8,9937.55,10001.0
2017-09-04,10009.0,10009.0,9887.0,9920.0
2017-09-05,9945.0,9982.0,9915.25,9975.0
2017-09-06,9925.55,9954.75,9909.95,9944.7
2017-09-07,9958.25,9982.0,9947.0,9952.85
2017-09-08,9973.7,9978.0,9920.95,9946.2
2017-09-11,9995.55,10049.5,9985.25,10023.2
2017-09-12,10055.0,10114.3,10036.7,10104.9
2017-09-13,10105.0,10144.7,10078.0,10096.8
2017-09-14,10087.3,10143.5,10087.3,10117.0
2017-09-15,10080.0,10132.4,10065.0,10097.8
2017-09-18,10142.0,10188.8,10140.0,10180.0
2017-09-19,10175.6,10179.0,10148.0,10169.3
2017-09-20,10170.0,10181.7,10155.0,10168.8
2017-09-21,10151.8,10174.5,10072.7,10138.0
2017-09-22,10085.2,10099.0,9973.7,9976.1
2017-09-25,9965.0,9969.25,9841.1,9880.0
2017-09-26,9861.95,9904.4,9825.0,9856.0
2017-09-27,9898.25,9900.6,9718.25,9740.3
2017-09-28,9723.15,9777.45,9695.0,9767.7
2017-09-29,9802.35,9881.0,9788.0,9795.4
2017-10-03,9895.0,9896.0,9838.2,9870.0
2017-10-04,9866.3,9954.0,9860.4,9944.0
2017-10-05,9931.0,9965.0,9899.05,9915.0
2017-10-06,9930.1,10017.8,9928.05,10017.0
2017-10-09,9991.3,10033.0,9983.65,10019.3
2017-10-10,10029.2,10047.9,10012.5,10036.7
2017-10-11,10052.0,10084.0,9969.5,9981.6
2017-10-12,10018.0,10117.4,9995.05,10116.7
2017-10-13,10130.0,10219.2,10117.0,10193.0
2017-10-16,10220.0,10261.0,10197.0,10257.0
2017-10-17,10240.7,10271.4,10228.0,10255.1
2017-10-18,10229.0,10252.0,10195.3,10247.0
2017-10-23,10175.0,10226.7,10119.6,10196.1
2017-10-24,10203.0,10244.0,10187.8,10220.0
2017-10-25,10335.0,10351.0,10247.7,10289.5
2017-10-26,10279.8,10354.3,10267.5,10345.0
2017-10-27,10371.0,10390.0,10346.0,10361.2
2017-10-30,10380.3,10404.9,10368.1,10393.2
2017-10-31,10375.2,10388.8,10350.0,10371.8
2017-11-01,10402.7,10489.5,10402.7,10472.2
2017-11-02,10459.0,10472.8,10433.0,10453.0
2017-11-03,10469.7,10492.9,10425.0,10489.0
2017-11-06,10452.6,10530.0,10441.5,10477.0
2017-11-07,10505.1,10515.0,10381.1,10409.5
2017-11-08,10410.0,10422.7,10333.3,10365.2
2017-11-09,10385.7,10400.0,10303.0,10372.9
2017-11-10,10341.3,10379.5,10284.0,10348.0
2017-11-13,10342.5,10354.0,10259.0,10264.8
2017-11-14,10259.8,10278.0,10225.1,10231.2
2017-11-15,10199.9,10207.8,10125.4,10163.0
2017-11-16,10174.0,10265.0,10162.0,10264.0
2017-11-17,10344.8,10373.3,10292.8,10299.0
2017-11-20,10297.7,10342.0,10276.8,10321.5
2017-11-21,10348.8,10389.5,10337.5,10351.6
2017-11-22,10383.3,10388.0,10321.0,10360.0
2017-11-23,10368.4,10389.0,10310.1,10371.0
2017-11-24,10366.3,10424.0,10366.3,10417.9
2017-11-27,10380.0,10425.5,10353.0,10423.3
2017-11-28,10391.0,10428.0,10360.2,10374.0
2017-11-29,10398.4,10410.4,10340.3,10354.0
2017-11-30,10321.2,10324.0,10216.5,10225.5
2017-12-01,10289.0,10308.5,10138.0,10145.0
2017-12-04,10167.8,10198.0,10126.5,10166.0
2017-12-05,10126.3,10179.8,10091.5,10146.0
2017-12-06,10111.4,10126.8,10052.7,10073.2
2017-12-07,10080.0,10218.2,10079.0,10206.3
2017-12-08,10220.5,10298.0,10211.3,10290.2
2017-12-11,10317.9,10354.3,10302.2,10352.0
2017-12-12,10332.9,10337.5,10254.2,10264.0
2017-12-13,10240.9,10332.8,10190.1,10227.0
2017-12-14,10259.8,10297.0,10163.3,10289.0
2017-12-15,10363.8,10400.0,10343.0,10356.4
2017-12-18,10201.3,10459.8,10060.0,10410.4
2017-12-19,10425.0,10476.0,10412.3,10472.2
2017-12-20,10472.0,10504.5,10447.7,10471.6
2017-12-21,10470.4,10485.0,10443.0,10457.9
2017-12-22,10460.1,10514.7,10456.0,10509.9
2017-12-26,10506.0,10537.8,10496.6,10530.2
2017-12-27,10529.0,10566.0,10476.3,10491.5
2017-12-28,10509.0,10540.5,10474.1,10479.0
2017-12-29,10501.7,10568.0,10469.0,10556.0
2018-01-01,10540.0,10556.5,10483.3,10490.0
2018-01-02,10521.2,10524.0,10436.5,10464.5
2018-01-03,10490.3,10543.4,10456.5,10471.6
2018-01-04,10498.3,10536.8,10463.3,10536.8
2018-01-05,10550.0,10582.0,10536.5,10578.5
2018-01-08,10623.2,10639.9,10604.5,10625.1
2018-01-09,10645.2,10657.0,10612.3,10642.5
2018-01-10,10644.0,10648.0,10596.6,10636.8
2018-01-11,10630.0,10682.3,10615.5,10660.0
2018-01-12,10689.7,10695.0,10602.3,10684.2
2018-01-15,10720.0,10774.0,10711.3,10745.0
2018-01-16,10754.0,10759.0,10691.0,10723.0
2018-01-17,10704.8,10805.3,10665.3,10799.0
2018-01-18,10865.5,10873.5,10774.0,10814.2
2018-01-19,10820.0,10918.2,10792.2,10918.0
2018-01-22,10914.5,10982.4,10883.5,10963.7
2018-01-23,10988.3,11094.9,10988.3,11085.1
2018-01-24,11079.0,11114.9,11043.2,11082.1
2018-01-25,11101.0,11101.0,11011.0,11070.6
2018-01-29,11141.3,11185.6,11080.0,11138.2
2018-01-30,11097.2,11121.0,11053.2,11070.8
2018-01-31,11039.0,11077.7,11007.3,11059.0
2018-02-01,11064.3,11139.4,10880.7,11033.9
2018-02-02,10928.0,10950.0,10735.0,10740.7
2018-02-05,10629.0,10722.0,10606.0,10705.0
2018-02-06,10318.8,10613.6,10300.0,10536.0
2018-02-07,10595.0,10624.9,10442.5,10451.4
2018-02-08,10501.0,10640.0,10469.6,10576.3
2018-02-09,10378.8,10495.0,10375.0,10483.0
2018-02-12,10519.0,10559.8,10482.1,10532.5
2018-02-14,10569.0,10587.0,10456.1,10463.3
2018-02-15,10534.7,10630.3,10505.3,10558.0
2018-02-16,10596.4,10615.0,10430.2,10443.0
2018-02-19,10470.0,10485.0,10290.1,10376.9
2018-02-20,10394.0,10425.8,10332.3,10340.0
2018-02-21,10405.7,10409.8,10341.4,10390.0
2018-02-22,10345.0,10396.0,10330.0,10384.8
2018-02-23,10400.0,10516.0,10386.3,10505.9
2018-02-26,10541.0,10614.7,10536.1,10596.4
2018-02-27,10616.2,10639.7,10540.5,10564.9
2018-02-28,10495.0,10555.0,10466.0,10520.0
2018-03-01,10498.0,10530.0,10439.2,10442.0
2018-03-05,10369.8,10394.9,10320.0,10360.9
2018-03-06,10404.2,10437.0,10223.0,10225.2
2018-03-07,10200.0,10254.0,10155.0,10180.0
2018-03-08,10217.8,10277.0,10155.8,10233.0
2018-03-09,10270.7,10300.0,10193.3,10219.7
2018-03-12,10331.2,10443.4,10295.2,10433.8
2018-03-13,10401.3,10490.0,10374.5,10420.6
2018-03-14,10391.3,10438.0,10342.0,10433.1
2018-03-15,10396.9,10429.3,10359.1,10366.0
2018-03-16,10344.0,10344.0,10197.0,10237.5
2018-03-19,10230.0,10236.0,10102.0,10120.5
2018-03-20,10094.0,10185.0,10078.3,10159.0
2018-03-21,10188.9,10266.0,10148.0,10180.9
2018-03-22,10195.8,10237.8,10110.0,10116.0
2018-03-23,9999.6,10043.9,9960.0,10002.0
2018-03-26,9989.85,10161.3,9976.35,10160.0
2018-03-27,10190.7,10210.9,10147.0,10179.5
2018-03-28,10135.1,10159.7,10105.8,10115.7
2018-04-02,10198.5,10274.9,10163.7,10271.8
2018-04-03,10212.3,10297.0,10206.0,10278.2
2018-04-04,10294.0,10304.0,10121.0,10139.0
2018-04-05,10255.7,10359.3,10253.0,10356.0
2018-04-06,10341.0,10376.0,10312.0,10342.0
2018-04-09,10354.7,10414.9,10347.9,10392.1
2018-04-10,10424.4,10439.0,10392.0,10425.9
2018-04-11,10416.3,10440.0,10363.0,10417.5
2018-04-12,10415.0,10478.8,10397.8,10465.1
2018-04-13,10481.1,10527.0,10456.3,10495.0
2018-04-16,10441.3,10549.0,10431.0,10546.0
2018-04-17,10563.7,10568.0,10501.1,10548.8
2018-04-18,10580.0,10596.5,10520.2,10550.1
2018-04-19,10581.2,10585.5,10550.0,10580.0
2018-04-20,10563.3,10597.0,10531.1,10596.0
2018-04-23,10579.7,10623.1,10551.3,10582.8
2018-04-24,10582.2,10635.0,10568.1,10620.1
2018-04-25,10598.8,10613.0,10531.8,10568.0
2018-04-26,10564.7,10621.8,10556.2,10619.0
2018-04-27,10667.8,10744.0,10640.0,10724.0
2018-04-30,10727.5,10788.0,10727.5,10783.5
2018-05-02,10779.0,10786.0,10706.0,10743.5
2018-05-03,10720.3,10738.0,10665.2,10699.3
2018-05-04,10675.0,10687.7,10640.0,10660.0
2018-05-07,10680.0,10746.7,10645.1,10742.0
2018-05-08,10755.1,10766.8,10680.0,10735.5
2018-05-09,10715.0,10787.8,10712.7,10774.0
2018-05-10,10772.5,10794.5,10715.0,10723.0
2018-05-11,10752.5,10827.2,10736.8,10815.8
2018-05-14,10810.8,10848.7,10781.3,10807.0
2018-05-15,10814.8,10947.9,10787.0,10819.0
2018-05-16,10770.3,10814.0,10721.5,10766.6
2018-05-17,10764.0,10787.0,10680.5,10694.8
2018-05-18,10693.3,10693.3,10586.0,10608.0
2018-05-21,10630.0,10630.0,10521.3,10542.0
2018-05-22,10533.0,10572.0,10507.0,10554.7
2018-05-23,10525.0,10539.8,10413.5,10418.7
2018-05-24,10450.0,10523.7,10408.5,10523.0
2018-05-25,10527.8,10637.5,10518.3,10608.5
2018-05-28,10629.0,10699.0,10629.0,10676.0
2018-05-29,10665.0,10704.0,10596.0,10617.0
2018-05-30,10569.9,10648.5,10539.9,10612.5
2018-05-31,10661.3,10750.8,10617.7,10737.0
2018-06-01,10725.0,10744.0,10670.0,10671.3
2018-06-04,10732.2,10732.2,10587.7,10606.5
2018-06-05,10598.7,10630.0,10552.0,10610.0
2018-06-06,10604.8,10701.0,10575.0,10690.0
2018-06-07,10725.3,10814.0,10725.3,10763.0
2018-06-08,10724.5,10759.4,10691.0,10738.0
2018-06-11,10768.3,10835.0,10761.3,10786.0
2018-06-12,10798.0,10849.9,10780.3,10848.0
2018-06-13,10860.0,10873.5,10831.5,10847.1
2018-06-14,10824.0,10834.0,10770.5,10813.3
2018-06-15,10799.0,10838.0,10735.5,10818.7
2018-06-18,10810.0,10817.3,10781.0,10789.6
2018-06-19,10760.0,10760.0,10704.5,10722.0
2018-06-20,10725.2,10796.9,10725.2,10788.0
2018-06-21,10799.8,10806.0,10716.7,10734.0
2018-06-22,10730.0,10849.0,10712.1,10837.0
2018-06-25,10785.0,10819.9,10746.5,10759.5
2018-06-26,10734.0,10806.7,10726.4,10757.9
2018-06-27,10811.8,10811.8,10651.5,10671.0
2018-06-28,10660.0,10677.5,10557.0,10587.6
2018-06-29,10591.0,10706.8,10591.0,10689.8
2018-07-02,10698.8,10705.0,10595.0,10647.5
2018-07-03,10645.0,10733.1,10630.4,10732.0
2018-07-04,10716.1,10776.9,10671.0,10766.1
2018-07-05,10760.0,10791.0,10731.2,10762.0
2018-07-06,10728.0,10816.7,10718.3,10774.0
2018-07-09,10812.3,10866.0,10801.3,10858.0
2018-07-10,10886.7,10959.2,10881.5,10948.0
2018-07-11,10936.9,10967.0,10918.0,10937.0
2018-07-12,10981.0,11069.0,10976.0,11015.5
2018-07-13,11048.0,11056.3,10993.3,11024.0
2018-07-16,11020.0,11020.1,10932.0,10950.0
2018-07-17,10947.0,11035.4,10938.0,11026.0
2018-07-18,11055.2,11073.8,10955.0,10984.0
2018-07-19,11002.2,11010.0,10942.2,10983.0
2018-07-20,10965.5,11043.1,10956.4,11030.6
2018-07-23,11022.0,11109.0,11008.6,11094.5
2018-07-24,11109.0,11152.0,11098.2,11137.0
2018-07-25,11158.0,11170.0,11118.8,11129.5
2018-07-26,11149.3,11181.0,11126.5,11167.5
2018-07-27,11234.3,11312.8,11225.3,11308.9
2018-07-30,11325.2,11345.2,11285.0,11339.0
2018-07-31,11330.0,11379.5,11290.6,11375.0
2018-08-01,11380.0,11402.8,11341.0,11353.0
2018-08-02,11343.9,11343.9,11274.0,11276.0
2018-08-03,11306.0,11406.9,11302.2,11396.0
2018-08-06,11420.2,11447.4,11386.5,11421.0
2018-08-07,11432.3,11445.0,11376.2,11424.3
2018-08-08,11428.3,11476.6,11399.0,11471.0
2018-08-09,11498.0,11504.7,11467.0,11484.0
2018-08-10,11465.0,11485.5,11430.2,11435.0
2018-08-13,11374.0,11427.7,11354.0,11387.0
2018-08-14,11394.8,11478.2,11390.2,11464.3
2018-08-16,11419.9,11460.0,11377.0,11417.0
2018-08-17,11439.8,11507.5,11420.0,11486.0
2018-08-20,11519.0,11585.3,11510.0,11582.8
2018-08-21,11579.0,11592.3,11553.0,11587.8
2018-08-23,11615.0,11622.0,11553.3,11596.5
2018-08-24,11580.0,11605.8,11541.0,11573.0
2018-08-27,11616.2,11712.9,11614.0,11712.0
2018-08-28,11735.0,11761.7,11715.0,11757.4
2018-08-29,11752.0,11763.8,11693.3,11705.3
2018-08-30,11715.0,11715.0,11642.1,11678.0
2018-08-31,11709.0,11793.0,11686.3,11731.7
2018-09-03,11755.15,11775.05,11620.0,11623.35
2018-09-04,11633.15,11649.6,11550.0,11581.15
2018-09-05,11554.95,11579.0,11437.0,11511.6
2018-09-06,11547.85,11603.0,11470.25,11546.0
2018-09-07,11550.0,11648.55,11512.6,11633.0
2018-09-10,11594.4,11598.8,11482.55,11488.5
2018-09-11,11498.75,11504.95,11322.8,11332.1
2018-09-12,11331.3,11430.0,11297.45,11412.9
2018-09-14,11482.5,11559.0,11466.0,11538.1
2018-09-17,11485.0,11490.0,11392.65,11396.05
2018-09-18,11388.05,11438.0,11298.1,11316.8
2018-09-19,11348.95,11373.9,11244.45,11272.0
2018-09-21,11304.95,11385.0,11005.55,11176.55
2018-09-24,11174.5,11185.0,10969.45,11000.0
2018-09-25,10970.1,11103.8,10909.05,11097.25
2018-09-26,11135.1,11149.0,11001.1,11051.5
2018-09-27,11073.5,11088.0,10944.55,10978.75
2018-09-28,11070.0,11099.9,10892.15,10964.3
2018-10-01,10931.0,11090.0,10857.55,11066.6
2018-10-03,11011.25,11025.0,10880.05,10880.05
2018-10-04,10752.0,10799.5,10593.25,10595.0
2018-10-05,10552.0,10588.9,10292.0,10292.0
2018-10-08,10273.9,10417.95,10212.35,10383.0
2018-10-09,10389.95,10424.0,10291.1,10304.3
2018-10-10,10333.35,10489.9,10324.15,10468.9
2018-10-11,10208.75,10370.0,10155.55,10259.1
2018-10-12,10329.65,10508.9,10321.9,10483.0
2018-10-15,10500.55,10531.95,10405.55,10520.2
2018-10-16,10531.05,10599.0,10516.25,10587.0
2018-10-17,10690.0,10699.95,10423.9,10446.5
2018-10-19,10337.0,10388.45,10246.35,10314.9
2018-10-22,10405.0,10405.0,10206.0,10239.9
2018-10-23,10160.0,10216.2,10092.55,10181.9
2018-10-24,10262.5,10277.95,10115.8,10237.0
2018-10-25,10140.0,10175.2,10073.0,10124.2
2018-10-26,10118.2,10177.0,10030.1,10043.5
2018-10-29,10089.75,10306.4,10055.55,10279.65
2018-10-30,10264.4,10315.0,10195.3,10225.0
2018-10-31,10231.1,10419.85,10111.35,10380.75
2018-11-01,10440.15,10447.0,10346.0,10413.0
2018-11-02,10490.0,10632.0,10478.25,10585.0
2018-11-05,10547.75,10570.0,10505.0,10556.75
2018-11-06,10574.95,10620.0,10512.0,10549.0
2018-11-09,10601.0,10643.95,10571.1,10619.8
2018-11-12,10601.1,10664.6,10490.25,10505.0
2018-11-13,10467.95,10632.0,10460.0,10608.05
2018-11-14,10655.0,10680.0,10551.0,10594.7
2018-11-15,10607.15,10680.0,10586.05,10623.0
2018-11-16,10657.95,10709.0,10636.0,10688.9
2018-11-19,10735.0,10779.4,10693.7,10776.0
2018-11-20,10749.0,10749.0,10651.2,10663.0
2018-11-21,10671.15,10684.2,10577.0,10626.9
2018-11-22,10617.95,10647.0,10511.95,10518.85
2018-11-26,10573.1,10650.0,10492.4,10645.0
2018-11-27,10610.9,10695.0,10585.0,10688.0
2018-11-28,10699.95,10747.2,10699.95,10712.35
2018-11-29,10786.05,10882.9,10777.1,10859.05
2018-11-30,10927.0,10949.75,10855.0,10915.0
2018-12-03,10961.15,10974.0,10871.3,10931.0
2018-12-04,10917.75,10929.95,10872.0,10903.0
2018-12-05,10850.35,10868.0,10786.75,10833.85
2018-12-06,10750.15,10754.4,10611.7,10617.6
2018-12-07,10665.25,10747.95,10637.1,10745.95
2018-12-10,10582.25,10597.7,10500.05,10500.3
2018-12-11,10355.0,10607.0,10352.1,10583.0
2018-12-12,10610.0,10798.9,10588.5,10779.95
2018-12-13,10834.25,10882.2,10777.3,10817.1
2018-12-14,10806.95,10837.0,10771.3,10821.9
2018-12-17,10855.15,10924.0,10855.15,10911.75
2018-12-18,10862.0,10940.0,10835.2,10937.0
2018-12-19,10959.95,11006.25,10946.45,10980.1
2018-12-20,10905.5,10991.0,10891.3,10985.55
2018-12-21,10960.0,10981.65,10755.0,10769.0
2018-12-24,10758.55,10789.95,10660.25,10696.0
2018-12-26,10637.65,10760.65,10536.4,10758.0
2018-12-27,10801.0,10834.4,10763.75,10780.65
2018-12-28,10850.05,10946.0,10850.0,10910.0
2018-12-31,10960.0,10984.8,10902.0,10919.0
2019-01-01,10909.95,10967.5,10843.2,10965.95
2019-01-02,10911.55,10938.0,10757.0,10825.0
2019-01-03,10833.95,10859.95,10710.05,10717.0
2019-01-04,10739.95,10793.45,10678.0,10780.0
2019-01-07,10861.0,10895.05,10778.0,10803.0
2019-01-08,10790.0,10872.75,10758.0,10832.05
2019-01-09,10892.6,10904.0,10764.95,10874.2
2019-01-10,10873.0,10898.2,10830.0,10854.0
2019-01-11,10873.95,10886.75,10772.55,10813.5
2019-01-14,10812.95,10820.0,10720.6,10769.1
2019-01-15,10805.15,10940.0,10792.35,10925.0
2019-01-16,10930.0,10963.0,10907.2,10921.2
2019-01-17,10942.95,10958.4,10855.0,10915.95
2019-01-18,10960.0,10964.0,10875.0,10935.0
2019-01-21,10930.05,11003.45,10902.15,10964.45
2019-01-22,10950.0,10954.0,10880.0,10929.1
2019-01-23,10921.35,10962.0,10835.0,10845.0
2019-01-24,10855.05,10885.0,10811.4,10879.95
2019-01-25,10899.95,10955.0,10761.65,10790.05
2019-01-28,10784.9,10821.85,10642.65,10695.15
2019-01-29,10679.05,10706.0,10597.7,10698.75
2019-01-30,10709.0,10714.0,10606.0,10633.0
2019-01-31,10688.95,10844.15,10676.1,10832.6
2019-02-01,10870.0,11023.2,10835.1,10915.8
2019-02-04,10887.0,10954.0,10830.05,10940.0
2019-02-05,10938.0,10970.05,10911.0,10955.0
2019-02-06,10986.65,11100.0,10986.35,11098.0
2019-02-07,11080.05,11142.85,11060.2,11082.5
2019-02-08,11049.95,11065.0,10935.0,10943.7
2019-02-11,10920.0,10945.9,10870.1,10923.35
2019-02-12,10914.0,10931.6,10850.15,10856.8
2019-02-13,10886.35,10905.0,10802.25,10802.6
2019-02-14,10801.2,10812.4,10741.3,10794.0
2019-02-15,10819.9,10819.9,10641.0,10750.15
2019-02-18,10809.9,10809.9,10653.3,10655.2
2019-02-19,10651.55,10756.6,10602.0,10614.85
2019-02-20,10660.25,10770.0,10649.95,10757.85
2019-02-21,10749.95,10833.0,10736.6,10808.9
2019-02-22,10790.0,10823.9,10772.5,10809.0
2019-02-25,10825.3,10896.9,10802.3,10887.1
2019-02-26,10794.0,10893.1,10725.15,10822.0
2019-02-27,10855.25,10942.25,10746.0,10800.1
2019-02-28,10863.0,10863.0,10786.75,10792.0
2019-03-01,10897.7,10929.45,10870.6,10914.0
2019-03-05,10859.9,11040.0,10843.05,11031.75
2019-03-06,11053.95,11094.5,11033.05,11085.45
2019-03-07,11114.9,11129.7,11064.0,11092.4
2019-03-08,11067.75,11083.85,11033.2,11078.0
2019-03-11,11073.9,11213.55,11065.3,11211.0
2019-03-12,11256.05,11352.55,11252.6,11325.55
2019-03-13,11202.0,11388.8,11101.05,11372.15
2019-03-14,11367.15,11399.0,11333.75,11387.0
2019-03-15,11390.0,11532.5,11390.0,11473.7
2019-03-18,11505.25,11554.35,11436.0,11512.1
2019-03-19,11525.05,11581.0,11475.0,11579.0
2019-03-20,11570.05,11580.0,11533.6,11557.0
2019-03-22,11569.95,11595.75,11451.0,11476.25
2019-03-25,11419.9,11419.9,11337.7,11373.4
2019-03-26,11370.0,11523.8,11363.25,11522.5
2019-03-27,11521.05,11573.7,11421.05,11448.0
2019-03-28,11458.65,11578.0,11448.9,11573.1
2019-03-29,11689.0,11718.5,11641.0,11682.35
2019-04-01,11719.2,11822.75,11708.25,11726.6
2019-04-02,11763.95,11794.7,11712.2,11785.9
2019-04-03,11788.3,11834.15,11715.0,11724.0
2019-04-04,11729.95,11754.0,11641.45,11681.6
2019-04-05,11700.0,11783.15,11680.05,11775.0
2019-04-08,11760.75,11780.05,11622.25,11675.55
2019-04-09,11707.75,11750.05,11632.0,11746.75
2019-04-10,11720.0,11744.0,11642.55,11653.0
2019-04-11,11648.55,11677.85,11605.2,11669.9
2019-04-12,11645.0,11727.0,11626.05,11687.0
2019-04-15,11689.95,11739.7,11682.7,11729.7
2019-04-16,11758.25,11847.1,11758.25,11833.0
2019-04-18,11859.0,11859.0,11752.05,11765.0
2019-04-22,11716.3,11749.9,11609.2,11616.0
2019-04-23,11631.15,11664.6,11573.5,11589.95
2019-04-24,11602.3,11756.0,11579.05,11732.75
2019-04-25,11713.75,11797.85,11630.55,11642.8
2019-04-26,11769.95,11827.9,11725.0,11808.25
2019-04-30,11805.0,11838.5,11712.05,11789.0
2019-05-02,11751.1,11834.4,11735.0,11765.0
2019-05-03,11735.0,11824.45,11734.95,11762.2
2019-05-06,11671.1,11695.0,11626.85,11652.0
2019-05-07,11685.0,11692.0,11531.35,11542.85
2019-05-08,11509.9,11519.95,11403.4,11418.3
2019-05-09,11378.5,11397.4,11291.1,11341.6
2019-05-10,11329.0,11376.0,11283.7,11290.95
2019-05-13,11270.1,11328.0,11153.65,11187.2
2019-05-14,11170.1,11338.1,11138.0,11267.55
2019-05-15,11275.6,11300.0,11157.0,11160.25
2019-05-16,11189.95,11309.9,11152.25,11300.0
2019-05-17,11284.95,11447.7,11267.05,11440.8
2019-05-20,11651.1,11877.3,11601.1,11871.9
2019-05-21,11885.0,11895.0,11687.5,11724.0
2019-05-22,11740.2,11833.25,11710.0,11795.95
2019-05-23,11888.0,12070.0,11640.15,11713.75
2019-05-24,11765.1,11890.0,11678.1,11865.25
2019-05-27,11858.9,11960.0,11833.15,11915.0
2019-05-28,11959.0,11965.0,11856.5,11945.0
2019-05-29,11916.7,11934.95,11836.3,11863.55
2019-05-30,11865.0,11964.9,11856.9,11947.5
2019-05-31,12001.0,12047.0,11828.65,11924.55
2019-06-03,11941.65,12118.0,11915.05,12113.9
2019-06-04,12081.15,12111.8,12036.0,12072.5
2019-06-06,12044.7,12059.0,11866.25,11886.05
2019-06-07,11880.2,11933.0,11801.2,11887.9
2019-06-10,11950.05,11994.0,11875.15,11942.0
2019-06-11,11975.0,12022.85,11917.0,11978.0
2019-06-12,11960.05,11965.9,11877.35,11925.25
2019-06-13,11885.35,11950.0,11836.25,11919.65
2019-06-14,11900.05,11916.55,11811.6,11828.75
2019-06-17,11824.95,11830.0,11685.0,11697.55
2019-06-18,11701.0,11752.0,11657.1,11715.0
2019-06-19,11748.65,11815.0,11630.3,11720.9
2019-06-20,11670.0,11863.35,11668.05,11856.1
2019-06-21,11839.05,11842.6,11726.4,11754.5
2019-06-24,11730.2,11782.0,11681.0,11724.0
2019-06-25,11684.05,11834.0,11666.6,11788.85
2019-06-26,11774.9,11890.0,11767.1,11862.0
2019-06-27,11876.75,11914.7,11827.0,11843.3
2019-06-28,11907.7,11916.0,11828.0,11843.5
2019-07-01,11888.05,11924.95,11863.55,11907.0
2019-07-02,11910.4,11948.0,11840.2,11941.0
2019-07-03,11953.0,11976.0,11927.5,11950.5
2019-07-04,11947.15,11999.0,11942.65,11978.5
2019-07-05,11993.95,11998.95,11808.0,11817.4
2019-07-08,11769.9,11770.0,11527.35,11569.5
2019-07-09,11543.35,11594.1,11486.55,11552.0
2019-07-10,11549.5,11593.0,11467.55,11492.0
2019-07-11,11550.25,11606.0,11528.15,11579.0
2019-07-12,11580.0,11642.45,11530.0,11547.0
2019-07-15,11583.95,11599.9,11515.0,11585.0
2019-07-16,11585.25,11672.15,11570.1,11659.8
2019-07-17,11648.3,11693.55,11643.2,11678.35
2019-07-18,11642.1,11665.3,11590.1,11604.6
2019-07-19,11635.05,11643.45,11402.0,11433.95
2019-07-22,11407.75,11407.75,11311.55,11352.0
2019-07-23,11368.95,11406.4,11305.65,11337.75
2019-07-24,11319.95,11355.9,11226.9,11279.0
2019-07-25,11290.05,11354.85,11230.05,11252.0
2019-07-26,11300.15,11345.0,11247.15,11335.65
2019-07-29,11310.0,11325.0,11175.25,11224.95
2019-07-30,11250.0,11289.95,11080.0,11101.7
2019-07-31,11058.55,11165.0,11031.5,11128.0
2019-08-26,10948.4,11072.35,10745.0,11045.0
2019-08-27,11090.0,11132.95,11034.0,11117.7
2019-08-28,11102.7,11132.0,10983.25,11052.65
2019-08-29,10805.55,11019.0,10805.55,10947.3
2019-08-30,11006.9,11077.0,10890.0,11068.0
2019-09-03,10936.9,10970.0,10813.45,10814.95
2019-09-04,10829.0,10904.75,10785.15,10879.6
2019-09-05,10881.4,10960.1,10843.3,10873.65
2019-09-06,10900.0,10984.0,10900.0,10968.0
2019-09-09,10949.4,11058.0,10915.95,11025.75
2019-09-11,11026.9,11088.45,11026.85,11046.7
2019-09-12,11077.15,11098.85,10982.0,10990.7
2019-09-13,10990.0,11118.0,10962.15,11111.5
2019-09-16,11006.4,11078.9,10982.4,11011.35
2019-09-17,10991.95,11005.85,10807.85,10838.1
2019-09-18,10889.85,10899.95,10826.1,10865.0
2019-09-19,10831.9,10841.9,10678.6,10708.5
2019-09-20,10737.7,11405.9,10705.0,11305.15
2019-09-23,11499.9,11682.4,11441.0,11601.6
2019-09-24,11632.65,11660.0,11557.6,11616.8
2019-09-25,11596.45,11596.45,11442.4,11461.9
2019-09-26,11504.65,11631.55,11487.35,11572.9
2019-09-27,11599.0,11646.4,11565.75,11580.1
2019-09-30,11549.0,11579.5,11445.0,11543.25
2019-10-01,11564.0,11607.5,11310.2,11436.5
2019-10-03,11353.4,11418.0,11312.3,11361.9
2019-10-04,11419.8,11430.0,11201.05,11201.2
2019-10-07,11224.85,11262.0,11148.0,11151.0
2019-10-09,11137.4,11363.0,11113.75,11363.0
2019-10-10,11276.9,11313.95,11215.0,11258.75
2019-10-11,11289.65,11385.0,11185.85,11318.0
2019-10-14,11331.0,11433.95,11293.15,11331.0
2019-10-15,11365.2,11473.45,11350.0,11440.15
2019-10-16,11458.4,11484.9,11420.1,11483.15
2019-10-17,11480.45,11619.0,11458.0,11594.9
2019-10-18,11569.2,11695.65,11551.05,11670.35
2019-10-22,11647.55,11715.0,11604.25,11623.35
2019-10-23,11610.25,11684.4,11575.0,11630.2
2019-10-24,11669.65,11689.0,11557.25,11614.95
2019-10-25,11616.4,11640.0,11502.6,11604.5
2019-10-29,11670.65,11823.9,11637.05,11798.0
2019-10-30,11852.3,11877.6,11785.25,11853.9
2019-10-31,11880.05,11947.4,11858.25,11879.05
2019-11-01,11925.0,11944.9,11878.0,11935.0
2019-11-04,11959.95,12012.8,11936.15,11987.35
2019-11-05,11980.2,11996.75,11901.0,11958.05
2019-11-06,11941.0,12049.9,11885.1,12004.05
2019-11-07,12029.05,12058.0,11972.3,12055.0
2019-11-08,12002.9,12069.0,11933.35,11937.55
2019-11-11,11908.4,11968.35,11866.0,11946.0
2019-11-13,11919.95,11956.75,11846.65,11862.0
2019-11-14,11875.2,11924.4,11825.45,11900.5
2019-11-15,11913.0,12008.65,11913.0,11939.9
2019-11-18,11935.45,11958.0,11890.15,11927.0
2019-11-19,11918.0,11988.35,11901.5,11985.0
2019-11-20,11979.4,12066.0,11972.65,12012.0
2019-11-21,12007.35,12030.05,11962.2,11971.65
2019-11-22,11973.6,11977.4,11884.1,11916.1
2019-11-25,11928.2,12107.0,11917.6,12101.05
2019-11-26,12121.05,12137.6,12017.65,12098.6
2019-11-27,12098.55,12124.95,12072.9,12121.1
2019-11-28,12119.85,12157.9,12096.25,12151.2
2019-11-29,12174.85,12174.9,12051.0,12092.9
2019-12-02,12133.85,12137.95,12052.15,12091.0
2019-12-03,12097.0,12097.0,11991.15,12050.6
2019-12-04,12009.9,12098.0,11977.2,12092.5
2019-12-05,12082.4,12116.0,12026.85,12045.0
2019-12-06,12065.2,12082.0,11931.0,11949.5
2019-12-09,11855.3,12011.8,11855.3,11964.0
2019-12-10,11972.2,11976.1,11884.35,11903.5
2019-12-11,11907.95,11953.9,11872.3,11942.0
2019-12-12,11998.95,12054.95,11966.3,12022.25
2019-12-13,12060.35,12152.0,12054.95,12151.3
2019-12-16,12152.15,12152.15,12073.9,12084.9
2019-12-17,12099.7,12200.0,12094.0,12197.65
2019-12-18,12208.0,12253.1,12171.65,12245.05
2019-12-19,12228.4,12276.95,12207.6,12272.2
2019-12-20,12270.2,12298.95,12255.5,12288.6
2019-12-23,12265.35,12291.65,12226.1,12276.85
2019-12-24,12259.95,12314.9,12228.0,12237.95
2019-12-26,12120.0,12229.9,12120.0,12127.7
2019-12-27,12228.7,12330.0,12209.0,12327.0
2019-12-30,12326.75,12348.0,12276.0,12332.35
2019-12-31,12296.4,12312.6,12230.15,12248.1
2020-01-01,12253.95,12269.6,12226.05,12251.0
2020-01-02,12252.1,12344.5,12245.5,12338.0
2020-01-03,12294.4,12304.4,12222.95,12259.9
2020-01-06,12201.9,12217.85,12025.0,12038.5
2020-01-07,12128.65,12181.85,12049.1,12115.0
2020-01-08,11996.9,12090.5,11976.6,12064.25
2020-01-09,12181.15,12279.3,12168.25,12270.25
2020-01-10,12294.65,12357.0,12255.2,12293.5
2020-01-13,12330.7,12369.6,12323.0,12363.0
2020-01-14,12359.9,12412.5,12331.2,12394.0
2020-01-15,12363.4,12391.95,12319.05,12374.2
2020-01-16,12359.4,12409.4,12339.2,12371.0
2020-01-17,12345.0,12407.5,12335.0,12377.55
2020-01-20,12413.4,12419.2,12252.0,12266.0
2020-01-21,12212.9,12244.0,12181.25,12200.1
2020-01-22,12245.65,12249.75,12110.0,12147.1
2020-01-23,12138.85,12220.0,12110.15,12199.6
2020-01-24,12204.75,12292.7,12157.0,12271.15
2020-01-27,12168.85,12209.6,12117.5,12118.3
2020-01-28,12124.9,12162.45,12038.0,12074.95
2020-01-29,12114.4,12182.45,12095.6,12119.7
2020-01-30,12115.6,12117.9,12006.3,12036.8
2020-01-31,12103.4,12124.0,11973.0,12001.45
2020-02-01,11948.9,12020.2,11625.05,11632.0
2020-02-03,11598.0,11747.0,11598.0,11714.0
2020-02-04,11761.0,11975.0,11750.25,11966.0
2020-02-05,11963.35,12104.0,11942.0,12091.0
2020-02-06,12096.9,12167.0,12087.2,12131.2
2020-02-07,12132.35,12132.4,12068.0,12082.8
2020-02-10,12081.65,12088.9,11985.0,12046.0
2020-02-11,12105.65,12185.0,12095.2,12128.0
2020-02-12,12169.75,12247.7,12157.7,12226.85
2020-02-13,12219.9,12219.9,12145.5,12162.35
2020-02-14,12198.9,12260.4,12101.0,12129.1
2020-02-17,12140.65,12158.6,12052.35,12079.3
2020-02-18,12025.4,12047.0,11923.3,12018.05
2020-02-19,12110.0,12150.55,12047.65,12146.6
2020-02-20,12102.9,12163.0,12065.0,12080.75
2020-02-24,11950.65,11969.75,11814.05,11833.05
2020-02-25,11878.65,11888.7,11791.0,11834.0
2020-02-26,11739.65,11787.7,11635.3,11699.45
2020-02-27,11665.35,11665.6,11540.15,11632.25
2020-02-28,11380.0,11400.05,11116.65,11160.25
2020-03-02,11283.0,11418.0,11023.95,11146.8
2020-03-03,11179.9,11326.75,11120.1,11319.8
2020-03-04,11298.4,11337.9,11061.2,11248.0
2020-03-05,11294.65,11382.0,11230.5,11243.9
2020-03-06,10906.95,10998.9,10830.1,10925.1
2020-03-09,10634.4,10689.95,10266.0,10452.25
2020-03-11,10382.85,10512.95,10335.35,10451.0
2020-03-12,9941.4,10034.9,9412.85,9580.0
2020-03-13,8939.85,10129.75,8299.0,9978.0
2020-03-16,9514.4,9570.15,9055.0,9101.85
2020-03-17,9224.95,9357.8,8851.3,8906.85
2020-03-18,9040.7,9070.9,8380.05,8436.0
2020-03-19,8111.05,8531.0,7816.45,8213.95
2020-03-20,8234.9,8854.6,8130.1,8738.95
2020-03-23,7850.8,8189.0,7551.0,7591.75
2020-03-24,7879.15,8008.3,7526.0,7910.25
2020-03-25,7741.9,8423.5,7681.35,8351.4
2020-03-26,8389.75,8750.05,8293.5,8641.5
2020-03-27,8938.65,9044.25,8525.0,8672.0
2020-03-30,8440.0,8640.0,8248.65,8300.0
2020-03-31,8499.5,8715.0,8357.0,8581.0
2020-04-01,8558.0,8569.0,8181.0,8257.1
2020-04-03,8259.7,8330.0,8045.0,8106.15
2020-04-07,8450.85,8892.95,8372.0,8883.0
2020-04-08,8748.0,9144.7,8685.75,8759.65
2020-04-09,8910.0,9111.6,8891.0,9072.0
2020-04-13,9010.0,9106.6,8903.0,9028.2
2020-04-15,9189.95,9282.35,8846.7,8946.0
2020-04-16,8947.75,9089.0,8835.15,9060.0
2020-04-17,9345.0,9350.0,9105.0,9333.0
2020-04-20,9332.05,9384.75,9215.0,9265.05
2020-04-21,9031.05,9066.9,8909.4,8961.05
2020-04-22,9001.0,9219.9,8933.25,9200.0
2020-04-23,9200.0,9327.8,9158.45,9287.1
2020-04-24,9165.0,9260.0,9115.0,9151.0
2020-04-27,9230.55,9373.75,9230.55,9305.0
2020-04-28,9379.0,9421.0,9257.15,9420.0
2020-04-29,9425.0,9595.2,9399.5,9527.0
2020-04-30,9705.35,9877.95,9693.65,9860.9
2020-05-04,9418.5,9477.5,9245.3,9294.45
2020-05-05,9411.0,9420.0,9190.05,9224.9
2020-05-06,9214.95,9373.0,9125.0,9301.05
2020-05-07,9157.4,9264.4,9152.85,9216.8
2020-05-08,9348.9,9369.0,9215.0,9234.15
2020-05-11,9335.85,9442.7,9202.1,9229.0
2020-05-12,9138.0,9264.45,9037.35,9225.95
2020-05-13,9530.9,9557.0,9356.6,9390.1
2020-05-14,9242.4,9282.55,9110.0,9152.4
2020-05-15,9163.95,9180.0,9051.0,9120.0
2020-05-18,9108.0,9138.7,8811.05,8829.5
2020-05-19,8971.0,9034.8,8852.6,8891.0
2020-05-20,8903.15,9097.7,8879.0,9086.0
2020-05-21,9068.9,9169.7,9046.15,9066.7
2020-05-22,9001.4,9123.6,8940.0,9043.35
2020-05-26,9122.65,9162.55,8976.3,9048.0
2020-05-27,9078.95,9341.1,8988.0,9311.1
2020-05-28,9328.3,9495.0,9319.5,9490.75
2020-05-29,9398.7,9509.0,9361.05,9482.15
